"country","sex","age_group_start","bg_morbidity_weight_base","bg_morbidity_weight_lower","bg_morbidity_weight_upper"
"Afghanistan","Female",10,0.0587128,0.0434002,0.0734832
"Afghanistan","Female",15,0.0710338,0.0538973,0.0892223
"Afghanistan","Female",20,0.0906879,0.069217,0.1113207
"Afghanistan","Female",25,0.1123448,0.0852376,0.1393666
"Afghanistan","Female",30,0.1310579,0.0991397,0.1660053
"Afghanistan","Female",35,0.1595596,0.116759,0.2145963
"Afghanistan","Female",40,0.1721157,0.1252964,0.2348878
"Afghanistan","Female",45,0.1805586,0.1327538,0.2366507
"Afghanistan","Female",50,0.1892845,0.1400681,0.2465775
"Afghanistan","Female",55,0.2001955,0.1502433,0.2581369
"Afghanistan","Female",60,0.2179006,0.1638199,0.2781119
"Afghanistan","Female",65,0.2464894,0.1862705,0.3135445
"Afghanistan","Female",70,0.2800495,0.2130314,0.3499967
"Afghanistan","Female",75,0.3080595,0.2338613,0.3822502
"Afghanistan","Female",80,0.3436942,0.260661,0.4301038
"Afghanistan","Female",85,0.371393,0.2845408,0.4642501
"Afghanistan","Female",90,0.3987829,0.3072174,0.4912638
"Afghanistan","Female",95,0.433269,0.3345204,0.5277718
"Afghanistan","Male",10,0.0526566,0.0388561,0.0678233
"Afghanistan","Male",15,0.059244,0.0448306,0.0746854
"Afghanistan","Male",20,0.0685383,0.0527263,0.0846133
"Afghanistan","Male",25,0.0809913,0.0616147,0.0994794
"Afghanistan","Male",30,0.0931242,0.0709801,0.1163922
"Afghanistan","Male",35,0.1182463,0.0869619,0.1658785
"Afghanistan","Male",40,0.1344791,0.0970931,0.1887589
"Afghanistan","Male",45,0.1481514,0.1065154,0.2093009
"Afghanistan","Male",50,0.1689433,0.1203753,0.2349089
"Afghanistan","Male",55,0.189762,0.1356663,0.2557108
"Afghanistan","Male",60,0.2069987,0.1500923,0.2760502
"Afghanistan","Male",65,0.230972,0.1710834,0.3011213
"Afghanistan","Male",70,0.2604247,0.1954441,0.334643
"Afghanistan","Male",75,0.2851128,0.2145043,0.3605897
"Afghanistan","Male",80,0.3194568,0.2420372,0.3993278
"Afghanistan","Male",85,0.347361,0.2639663,0.4372429
"Afghanistan","Male",90,0.3795179,0.2896721,0.4709728
"Afghanistan","Male",95,0.4171813,0.3181141,0.5094234
"Algeria","Female",10,0.0427843,0.0320345,0.0549558
"Algeria","Female",15,0.0557011,0.0426597,0.0721877
"Algeria","Female",20,0.0713892,0.0541008,0.0874685
"Algeria","Female",25,0.0914665,0.0694095,0.1147092
"Algeria","Female",30,0.1066597,0.0810531,0.134516
"Algeria","Female",35,0.1190114,0.0904561,0.1507758
"Algeria","Female",40,0.1300042,0.0998504,0.1631972
"Algeria","Female",45,0.1394794,0.106685,0.1770001
"Algeria","Female",50,0.1483703,0.1125012,0.1901405
"Algeria","Female",55,0.1597212,0.1201071,0.2048759
"Algeria","Female",60,0.1762343,0.133136,0.2248289
"Algeria","Female",65,0.2015997,0.1521655,0.2555437
"Algeria","Female",70,0.2323222,0.1765391,0.2943843
"Algeria","Female",75,0.2625573,0.1977283,0.33129
"Algeria","Female",80,0.2975509,0.2261787,0.3755326
"Algeria","Female",85,0.3262195,0.2474618,0.4087943
"Algeria","Female",90,0.3525274,0.2730102,0.4390095
"Algeria","Female",95,0.386535,0.3001438,0.4766955
"Algeria","Male",10,0.0397162,0.0293799,0.051939
"Algeria","Male",15,0.0461734,0.0348932,0.0593086
"Algeria","Male",20,0.0507328,0.0394474,0.0623406
"Algeria","Male",25,0.0612721,0.0474026,0.0751933
"Algeria","Male",30,0.0702727,0.0541273,0.0886455
"Algeria","Male",35,0.078489,0.0608696,0.0995627
"Algeria","Male",40,0.0878545,0.0679783,0.1102606
"Algeria","Male",45,0.0995774,0.0757826,0.1256976
"Algeria","Male",50,0.1142682,0.0859325,0.1476436
"Algeria","Male",55,0.1337029,0.1008591,0.1744996
"Algeria","Male",60,0.1590584,0.1194901,0.2041838
"Algeria","Male",65,0.1892045,0.1428164,0.2419386
"Algeria","Male",70,0.2199872,0.1657053,0.2800212
"Algeria","Male",75,0.2493956,0.1862394,0.315607
"Algeria","Male",80,0.2816877,0.2126694,0.3538368
"Algeria","Male",85,0.3076504,0.2313756,0.3899851
"Algeria","Male",90,0.3345106,0.2546386,0.4175376
"Algeria","Male",95,0.3698457,0.2803338,0.4557711
"Argentina","Female",10,0.041743,0.0308925,0.0530959
"Argentina","Female",15,0.0592217,0.0443653,0.0750047
"Argentina","Female",20,0.0749598,0.0562686,0.095279
"Argentina","Female",25,0.0914491,0.0680832,0.1176573
"Argentina","Female",30,0.1034273,0.0767415,0.1345951
"Argentina","Female",35,0.1147376,0.0857777,0.1476977
"Argentina","Female",40,0.1253543,0.095088,0.1596607
"Argentina","Female",45,0.1349428,0.1012389,0.1730081
"Argentina","Female",50,0.143025,0.1076546,0.1834273
"Argentina","Female",55,0.1571403,0.1170786,0.2026678
"Argentina","Female",60,0.1755122,0.1302536,0.2253815
"Argentina","Female",65,0.1957341,0.1455753,0.2501706
"Argentina","Female",70,0.217011,0.1610432,0.2747906
"Argentina","Female",75,0.2383808,0.1792172,0.3042787
"Argentina","Female",80,0.2652616,0.1984924,0.3377764
"Argentina","Female",85,0.2941168,0.2213272,0.3730852
"Argentina","Female",90,0.3216907,0.2465996,0.406992
"Argentina","Female",95,0.3549577,0.2700229,0.4365944
"Argentina","Male",10,0.0388153,0.0286281,0.0493096
"Argentina","Male",15,0.0508463,0.0382816,0.0636284
"Argentina","Male",20,0.0595489,0.0450032,0.0745107
"Argentina","Male",25,0.0709181,0.0538359,0.089674
"Argentina","Male",30,0.0803882,0.0607107,0.1021103
"Argentina","Male",35,0.089421,0.0673784,0.1136923
"Argentina","Male",40,0.0984667,0.0736256,0.1264775
"Argentina","Male",45,0.1088896,0.0806523,0.1401888
"Argentina","Male",50,0.1220484,0.090665,0.1591415
"Argentina","Male",55,0.1395223,0.1036847,0.1803009
"Argentina","Male",60,0.1603689,0.1189777,0.2067347
"Argentina","Male",65,0.1844093,0.1380805,0.23556
"Argentina","Male",70,0.2108428,0.1580214,0.2690631
"Argentina","Male",75,0.2371973,0.1778468,0.3032263
"Argentina","Male",80,0.2658883,0.1996703,0.3372103
"Argentina","Male",85,0.2891135,0.2183915,0.3667864
"Argentina","Male",90,0.3095602,0.2344419,0.3904822
"Argentina","Male",95,0.3394068,0.2564238,0.4232249
"Bangladesh","Female",10,0.0457258,0.0333203,0.060525
"Bangladesh","Female",15,0.0614998,0.0452329,0.0803167
"Bangladesh","Female",20,0.0759088,0.0582584,0.0966573
"Bangladesh","Female",25,0.0928861,0.0716591,0.1183981
"Bangladesh","Female",30,0.1073534,0.0818148,0.1366051
"Bangladesh","Female",35,0.1193968,0.090789,0.1526043
"Bangladesh","Female",40,0.131864,0.0992297,0.1657556
"Bangladesh","Female",45,0.1433496,0.1080814,0.1788538
"Bangladesh","Female",50,0.1569862,0.1204845,0.1990166
"Bangladesh","Female",55,0.1743843,0.1337593,0.2213877
"Bangladesh","Female",60,0.1950492,0.15021,0.2453458
"Bangladesh","Female",65,0.2179523,0.1665281,0.2710008
"Bangladesh","Female",70,0.2424484,0.1876757,0.3021954
"Bangladesh","Female",75,0.2623797,0.1995475,0.3276395
"Bangladesh","Female",80,0.2908577,0.2230205,0.3590093
"Bangladesh","Female",85,0.3109607,0.238861,0.385223
"Bangladesh","Female",90,0.3269911,0.2552129,0.4014937
"Bangladesh","Female",95,0.3532,0.2756327,0.427089
"Bangladesh","Male",10,0.0446033,0.0328043,0.0603677
"Bangladesh","Male",15,0.0495394,0.0370028,0.0637468
"Bangladesh","Male",20,0.0561922,0.0425435,0.0706221
"Bangladesh","Male",25,0.0671534,0.0515278,0.0850334
"Bangladesh","Male",30,0.0772072,0.057957,0.0981844
"Bangladesh","Male",35,0.0865273,0.0664176,0.1111979
"Bangladesh","Male",40,0.0976523,0.0739936,0.1234415
"Bangladesh","Male",45,0.1105676,0.0846554,0.1395201
"Bangladesh","Male",50,0.1261345,0.0959331,0.159628
"Bangladesh","Male",55,0.1465524,0.1115411,0.1851032
"Bangladesh","Male",60,0.1662912,0.1269802,0.2109261
"Bangladesh","Male",65,0.1911046,0.1460123,0.2399976
"Bangladesh","Male",70,0.2194529,0.1679697,0.2749802
"Bangladesh","Male",75,0.2438753,0.1850589,0.305268
"Bangladesh","Male",80,0.2707624,0.2072598,0.3367252
"Bangladesh","Male",85,0.2947843,0.2256957,0.369924
"Bangladesh","Male",90,0.3129896,0.2435977,0.3881402
"Bangladesh","Male",95,0.333292,0.2589762,0.4122873
"Brazil","Female",10,0.0559098,0.0391327,0.0776036
"Brazil","Female",15,0.0728541,0.0529267,0.0978014
"Brazil","Female",20,0.0811664,0.0601191,0.1034321
"Brazil","Female",25,0.0938689,0.0717154,0.1179448
"Brazil","Female",30,0.104105,0.0784882,0.1313994
"Brazil","Female",35,0.1156963,0.0875456,0.1465908
"Brazil","Female",40,0.1254739,0.0952735,0.1577808
"Brazil","Female",45,0.1348482,0.1010926,0.1699904
"Brazil","Female",50,0.1450852,0.1093935,0.1847673
"Brazil","Female",55,0.1591617,0.1189097,0.2023115
"Brazil","Female",60,0.1753427,0.1322789,0.2252753
"Brazil","Female",65,0.1940383,0.1477697,0.2461065
"Brazil","Female",70,0.216427,0.1646216,0.2744377
"Brazil","Female",75,0.240485,0.1835537,0.3067185
"Brazil","Female",80,0.2713273,0.2045079,0.342758
"Brazil","Female",85,0.3004575,0.2264111,0.3820133
"Brazil","Female",90,0.330075,0.2511633,0.4139951
"Brazil","Female",95,0.3597871,0.2760329,0.4444265
"Brazil","Male",10,0.0474335,0.0340822,0.0638875
"Brazil","Male",15,0.0551433,0.0404695,0.073154
"Brazil","Male",20,0.0632604,0.0477862,0.079313
"Brazil","Male",25,0.0760711,0.0571898,0.0963212
"Brazil","Male",30,0.0857351,0.0645368,0.1090955
"Brazil","Male",35,0.0947317,0.0728169,0.1208696
"Brazil","Male",40,0.1048768,0.0793485,0.1339807
"Brazil","Male",45,0.1164824,0.0877318,0.1483381
"Brazil","Male",50,0.1308998,0.0984684,0.1689401
"Brazil","Male",55,0.1495254,0.1115873,0.1919011
"Brazil","Male",60,0.1714146,0.1286319,0.2195309
"Brazil","Male",65,0.1967413,0.148221,0.2500596
"Brazil","Male",70,0.2246545,0.1697332,0.2873198
"Brazil","Male",75,0.2498981,0.1891995,0.3195977
"Brazil","Male",80,0.2775989,0.2089162,0.3527142
"Brazil","Male",85,0.3010816,0.2258388,0.3832488
"Brazil","Male",90,0.3224867,0.2443919,0.4064378
"Brazil","Male",95,0.3529453,0.2684987,0.4404481
"China","Female",10,0.0362558,0.0268122,0.0472055
"China","Female",15,0.0480957,0.0353185,0.0631846
"China","Female",20,0.0595951,0.0441532,0.0762505
"China","Female",25,0.0721021,0.0533448,0.0938164
"China","Female",30,0.0822479,0.0603073,0.1069319
"China","Female",35,0.0917388,0.0687028,0.1192097
"China","Female",40,0.1033242,0.0767764,0.1335658
"China","Female",45,0.1158211,0.0858554,0.1501468
"China","Female",50,0.1318321,0.0999467,0.1718051
"China","Female",55,0.1490356,0.1113411,0.1943276
"China","Female",60,0.1711557,0.1289287,0.2205429
"China","Female",65,0.2015726,0.1540015,0.2559821
"China","Female",70,0.2357373,0.1809821,0.29353
"China","Female",75,0.2715409,0.2080309,0.3380787
"China","Female",80,0.3140387,0.2440131,0.3902932
"China","Female",85,0.3493726,0.2713405,0.4328398
"China","Female",90,0.3817916,0.299452,0.4669863
"China","Female",95,0.4191513,0.3300865,0.5064179
"China","Male",10,0.0350203,0.0254269,0.0458179
"China","Male",15,0.0413424,0.0303409,0.0536103
"China","Male",20,0.049176,0.0366181,0.0623902
"China","Male",25,0.0585913,0.0440786,0.0749571
"China","Male",30,0.0661101,0.0490214,0.0857011
"China","Male",35,0.0743921,0.0559029,0.0959543
"China","Male",40,0.0852095,0.0635763,0.1101238
"China","Male",45,0.0961691,0.0708766,0.1244225
"China","Male",50,0.1094231,0.0813476,0.1439991
"China","Male",55,0.1268296,0.0946951,0.1655894
"China","Male",60,0.1482888,0.111871,0.1932842
"China","Male",65,0.1758406,0.13375,0.2253685
"China","Male",70,0.2077793,0.1584808,0.2626096
"China","Male",75,0.2399243,0.1822816,0.3018843
"China","Male",80,0.2763789,0.2085932,0.3482463
"China","Male",85,0.3070119,0.2342927,0.3868982
"China","Male",90,0.3332475,0.254169,0.4137285
"China","Male",95,0.3671021,0.2811776,0.4536673
"Colombia","Female",10,0.0438712,0.0320984,0.0580801
"Colombia","Female",15,0.0582205,0.0431425,0.0760045
"Colombia","Female",20,0.0711018,0.0534918,0.090282
"Colombia","Female",25,0.0859769,0.0646273,0.109428
"Colombia","Female",30,0.0982004,0.0739043,0.1254141
"Colombia","Female",35,0.1092095,0.0831553,0.1420092
"Colombia","Female",40,0.1215108,0.091485,0.1580843
"Colombia","Female",45,0.1317504,0.0985622,0.1686804
"Colombia","Female",50,0.1421792,0.1058241,0.1837702
"Colombia","Female",55,0.1564596,0.1168899,0.2023663
"Colombia","Female",60,0.1742738,0.1310821,0.2238032
"Colombia","Female",65,0.1926164,0.1462291,0.2461136
"Colombia","Female",70,0.2132972,0.1617006,0.2724384
"Colombia","Female",75,0.2369008,0.1790624,0.2997832
"Colombia","Female",80,0.2674641,0.2009452,0.3395442
"Colombia","Female",85,0.2949564,0.22221,0.3735369
"Colombia","Female",90,0.3198115,0.2459832,0.4023412
"Colombia","Female",95,0.3495185,0.2689074,0.4307967
"Colombia","Male",10,0.0399204,0.0300542,0.0511683
"Colombia","Male",15,0.0487672,0.0366941,0.0614967
"Colombia","Male",20,0.0567005,0.0436128,0.0717915
"Colombia","Male",25,0.0684389,0.0532101,0.0858164
"Colombia","Male",30,0.0774553,0.058511,0.0981281
"Colombia","Male",35,0.0849736,0.0650628,0.1086276
"Colombia","Male",40,0.0938765,0.0708521,0.1194439
"Colombia","Male",45,0.1066627,0.0801054,0.135058
"Colombia","Male",50,0.1220519,0.0915471,0.1580273
"Colombia","Male",55,0.1412726,0.1057113,0.1812347
"Colombia","Male",60,0.1638372,0.1231944,0.2107815
"Colombia","Male",65,0.1892369,0.142615,0.2411804
"Colombia","Male",70,0.2158064,0.1629546,0.2758012
"Colombia","Male",75,0.2392176,0.1810703,0.3036292
"Colombia","Male",80,0.2654713,0.2004742,0.3362158
"Colombia","Male",85,0.2903782,0.2196445,0.3688078
"Colombia","Male",90,0.309937,0.2372192,0.3911883
"Colombia","Male",95,0.3379492,0.258776,0.4193466
"Democratic Republic of the Congo","Female",10,0.0639942,0.0463722,0.0848392
"Democratic Republic of the Congo","Female",15,0.073333,0.0548944,0.0938108
"Democratic Republic of the Congo","Female",20,0.0884834,0.0687752,0.1088585
"Democratic Republic of the Congo","Female",25,0.1066912,0.0807598,0.1321744
"Democratic Republic of the Congo","Female",30,0.1186739,0.0904824,0.14851
"Democratic Republic of the Congo","Female",35,0.1290963,0.09889,0.1639839
"Democratic Republic of the Congo","Female",40,0.13761,0.1054212,0.1748704
"Democratic Republic of the Congo","Female",45,0.1455367,0.1116765,0.1849036
"Democratic Republic of the Congo","Female",50,0.1567164,0.1189385,0.1984754
"Democratic Republic of the Congo","Female",55,0.169327,0.1286884,0.2156745
"Democratic Republic of the Congo","Female",60,0.1862327,0.1411358,0.2356795
"Democratic Republic of the Congo","Female",65,0.2042334,0.1560151,0.2550071
"Democratic Republic of the Congo","Female",70,0.22579,0.174104,0.2809136
"Democratic Republic of the Congo","Female",75,0.2472278,0.1899175,0.305943
"Democratic Republic of the Congo","Female",80,0.2745284,0.2099762,0.3402166
"Democratic Republic of the Congo","Female",85,0.2989687,0.2302922,0.3721602
"Democratic Republic of the Congo","Female",90,0.3267199,0.2542827,0.4011041
"Democratic Republic of the Congo","Female",95,0.3700409,0.2866496,0.4449396
"Democratic Republic of the Congo","Male",10,0.0612561,0.043493,0.0819281
"Democratic Republic of the Congo","Male",15,0.0646329,0.0486188,0.0820496
"Democratic Republic of the Congo","Male",20,0.0685958,0.0523825,0.084115
"Democratic Republic of the Congo","Male",25,0.0797759,0.0613531,0.0982762
"Democratic Republic of the Congo","Male",30,0.0883427,0.0679028,0.1104754
"Democratic Republic of the Congo","Male",35,0.096927,0.0747234,0.1213738
"Democratic Republic of the Congo","Male",40,0.1068214,0.0817559,0.1347625
"Democratic Republic of the Congo","Male",45,0.1183925,0.0904101,0.1489701
"Democratic Republic of the Congo","Male",50,0.1353438,0.1027025,0.1715866
"Democratic Republic of the Congo","Male",55,0.1571152,0.1180234,0.2001492
"Democratic Republic of the Congo","Male",60,0.182082,0.1378083,0.2327432
"Democratic Republic of the Congo","Male",65,0.2045198,0.1555025,0.2594677
"Democratic Republic of the Congo","Male",70,0.2313551,0.1754114,0.2923525
"Democratic Republic of the Congo","Male",75,0.2523988,0.1939348,0.3168968
"Democratic Republic of the Congo","Male",80,0.2704905,0.2050168,0.3378901
"Democratic Republic of the Congo","Male",85,0.2923284,0.2225071,0.3664698
"Democratic Republic of the Congo","Male",90,0.3141372,0.2403236,0.3928297
"Democratic Republic of the Congo","Male",95,0.3489531,0.2681606,0.4329715
"Egypt","Female",10,0.0444333,0.0322598,0.0582326
"Egypt","Female",15,0.0573441,0.0428291,0.0742598
"Egypt","Female",20,0.0706918,0.0537037,0.0885712
"Egypt","Female",25,0.090565,0.0681629,0.1148073
"Egypt","Female",30,0.1061207,0.0792811,0.1339868
"Egypt","Female",35,0.1181325,0.0900779,0.1518682
"Egypt","Female",40,0.1289983,0.097884,0.1621898
"Egypt","Female",45,0.1394796,0.105551,0.1771208
"Egypt","Female",50,0.1498304,0.1130089,0.1903486
"Egypt","Female",55,0.1626103,0.1227729,0.20722
"Egypt","Female",60,0.1806395,0.1378768,0.2304995
"Egypt","Female",65,0.2067361,0.1576849,0.2615899
"Egypt","Female",70,0.2382125,0.1821831,0.2990999
"Egypt","Female",75,0.267469,0.2031534,0.3354945
"Egypt","Female",80,0.2993417,0.2271694,0.3767457
"Egypt","Female",85,0.3226813,0.2441974,0.4092481
"Egypt","Female",90,0.3464405,0.2660796,0.4294504
"Egypt","Female",95,0.3791507,0.2928949,0.463577
"Egypt","Male",10,0.0436924,0.0319339,0.0578705
"Egypt","Male",15,0.0485825,0.0362904,0.0631535
"Egypt","Male",20,0.0513609,0.0389785,0.0640376
"Egypt","Male",25,0.0610683,0.0467743,0.075792
"Egypt","Male",30,0.0694748,0.0529166,0.0880341
"Egypt","Male",35,0.0771268,0.0596397,0.0989329
"Egypt","Male",40,0.0860984,0.0660425,0.1085933
"Egypt","Male",45,0.0990335,0.0747257,0.1262725
"Egypt","Male",50,0.114813,0.0864718,0.1473523
"Egypt","Male",55,0.1346236,0.1010322,0.1741721
"Egypt","Male",60,0.1593535,0.1205705,0.2052825
"Egypt","Male",65,0.1890489,0.1436011,0.2405264
"Egypt","Male",70,0.2189385,0.164964,0.2765197
"Egypt","Male",75,0.2466833,0.1852546,0.3131315
"Egypt","Male",80,0.2764993,0.2107157,0.3469961
"Egypt","Male",85,0.29945,0.2255581,0.3786272
"Egypt","Male",90,0.3241204,0.2470759,0.4075431
"Egypt","Male",95,0.3557275,0.2702836,0.4386831
"Ethiopia","Female",10,0.0510443,0.0374221,0.0667567
"Ethiopia","Female",15,0.0582595,0.0438335,0.0747705
"Ethiopia","Female",20,0.0703422,0.0530456,0.0888127
"Ethiopia","Female",25,0.087236,0.0663083,0.1105721
"Ethiopia","Female",30,0.1028555,0.0776764,0.1307985
"Ethiopia","Female",35,0.1138802,0.086054,0.1458162
"Ethiopia","Female",40,0.125904,0.0963018,0.1598388
"Ethiopia","Female",45,0.1315111,0.0988737,0.1673024
"Ethiopia","Female",50,0.1386344,0.1049431,0.1774908
"Ethiopia","Female",55,0.1490028,0.1144346,0.1906596
"Ethiopia","Female",60,0.1645624,0.1250567,0.2107937
"Ethiopia","Female",65,0.1880964,0.1450301,0.2394996
"Ethiopia","Female",70,0.2167092,0.1653679,0.2731122
"Ethiopia","Female",75,0.2441386,0.1863543,0.3096724
"Ethiopia","Female",80,0.2753704,0.2089983,0.3476248
"Ethiopia","Female",85,0.3049009,0.2334577,0.3874707
"Ethiopia","Female",90,0.3338757,0.257203,0.4166719
"Ethiopia","Female",95,0.3702943,0.2846769,0.453025
"Ethiopia","Male",10,0.0511896,0.0375057,0.0686096
"Ethiopia","Male",15,0.0538661,0.0403934,0.070142
"Ethiopia","Male",20,0.0606528,0.0464867,0.0760088
"Ethiopia","Male",25,0.0717365,0.0541063,0.0898082
"Ethiopia","Male",30,0.0819392,0.0620191,0.1042774
"Ethiopia","Male",35,0.0906104,0.0691877,0.1161089
"Ethiopia","Male",40,0.1015966,0.0772087,0.1298129
"Ethiopia","Male",45,0.11266,0.0857539,0.1435851
"Ethiopia","Male",50,0.1257432,0.0951244,0.161598
"Ethiopia","Male",55,0.1395911,0.1058044,0.1777225
"Ethiopia","Male",60,0.1568916,0.1186528,0.2007239
"Ethiopia","Male",65,0.1795035,0.1360035,0.2300481
"Ethiopia","Male",70,0.2090594,0.1593043,0.267066
"Ethiopia","Male",75,0.2385125,0.1802963,0.3028423
"Ethiopia","Male",80,0.2697096,0.205044,0.3379142
"Ethiopia","Male",85,0.2984389,0.2277725,0.3768507
"Ethiopia","Male",90,0.3241622,0.2488003,0.4030415
"Ethiopia","Male",95,0.3566339,0.2746401,0.4370645
"France","Female",10,0.0474844,0.0361422,0.0594956
"France","Female",15,0.0694887,0.0529061,0.0888766
"France","Female",20,0.0861828,0.0652148,0.1074516
"France","Female",25,0.1014376,0.0753561,0.1266735
"France","Female",30,0.1109325,0.082836,0.1399308
"France","Female",35,0.1202678,0.0913668,0.1546309
"France","Female",40,0.1301776,0.0990029,0.1644596
"France","Female",45,0.1363523,0.1032961,0.1732606
"France","Female",50,0.142078,0.1072583,0.18172
"France","Female",55,0.1524991,0.1140346,0.1948949
"France","Female",60,0.1660994,0.1244828,0.2138561
"France","Female",65,0.1823458,0.1383051,0.2317207
"France","Female",70,0.2019575,0.1536141,0.2536344
"France","Female",75,0.2243496,0.1701576,0.2850942
"France","Female",80,0.2566183,0.1938436,0.3254842
"France","Female",85,0.2979714,0.2268991,0.3768093
"France","Female",90,0.3452168,0.2641817,0.4318511
"France","Female",95,0.39959,0.308579,0.4928909
"France","Male",10,0.0414876,0.0308706,0.0528395
"France","Male",15,0.0545813,0.0407901,0.0697143
"France","Male",20,0.0609411,0.0459821,0.076791
"France","Male",25,0.0699474,0.0532996,0.0898778
"France","Male",30,0.0774348,0.0581868,0.0986177
"France","Male",35,0.0848429,0.0642191,0.1092007
"France","Male",40,0.0926612,0.0694959,0.1174597
"France","Male",45,0.1009479,0.0753324,0.1288018
"France","Male",50,0.1127126,0.0835115,0.1463333
"France","Male",55,0.1286464,0.0959706,0.1651416
"France","Male",60,0.1477245,0.1106535,0.1902211
"France","Male",65,0.1684429,0.126762,0.2137394
"France","Male",70,0.1918012,0.1444449,0.243773
"France","Male",75,0.2174091,0.1631562,0.2798236
"France","Male",80,0.2472047,0.1858521,0.3143772
"France","Male",85,0.2781456,0.2081449,0.3556009
"France","Male",90,0.3075104,0.2336688,0.3871802
"France","Male",95,0.3437711,0.2639331,0.4264178
"Germany","Female",10,0.0495798,0.0376246,0.0627979
"Germany","Female",15,0.072572,0.0537893,0.0951013
"Germany","Female",20,0.0894549,0.0658765,0.1127794
"Germany","Female",25,0.1052672,0.0776617,0.1343958
"Germany","Female",30,0.1149537,0.0853973,0.1476728
"Germany","Female",35,0.1246844,0.0935084,0.1618738
"Germany","Female",40,0.1351211,0.1020721,0.1723056
"Germany","Female",45,0.1431851,0.1069002,0.1830625
"Germany","Female",50,0.1516088,0.1144988,0.1932509
"Germany","Female",55,0.1648582,0.1222963,0.2095838
"Germany","Female",60,0.1813317,0.1362578,0.2315953
"Germany","Female",65,0.2006855,0.1522897,0.2537061
"Germany","Female",70,0.2241168,0.1707304,0.2795134
"Germany","Female",75,0.2503464,0.1900973,0.3135664
"Germany","Female",80,0.2862184,0.2177,0.3591044
"Germany","Female",85,0.3262774,0.2493518,0.4110549
"Germany","Female",90,0.3619056,0.2815313,0.4449066
"Germany","Female",95,0.3967109,0.3117847,0.4824625
"Germany","Male",10,0.0439025,0.032642,0.056639
"Germany","Male",15,0.0578397,0.0430148,0.0742559
"Germany","Male",20,0.0639036,0.0473554,0.0812443
"Germany","Male",25,0.0733032,0.0556728,0.0927036
"Germany","Male",30,0.0813215,0.0611699,0.1034602
"Germany","Male",35,0.0896125,0.0675818,0.1156461
"Germany","Male",40,0.0984754,0.0729633,0.1258781
"Germany","Male",45,0.1096607,0.0819563,0.1406973
"Germany","Male",50,0.1240772,0.0921922,0.1605973
"Germany","Male",55,0.143002,0.1060752,0.1852244
"Germany","Male",60,0.1651568,0.1228873,0.2125849
"Germany","Male",65,0.1888853,0.1414619,0.2402711
"Germany","Male",70,0.2168472,0.1624632,0.275386
"Germany","Male",75,0.2444128,0.1834771,0.3113458
"Germany","Male",80,0.2733153,0.2074539,0.3438925
"Germany","Male",85,0.2992669,0.2266206,0.3784841
"Germany","Male",90,0.3212791,0.2417722,0.4062182
"Germany","Male",95,0.351993,0.2684177,0.4371282
"India","Female",10,0.0610299,0.0438118,0.0820065
"India","Female",15,0.0728143,0.0526435,0.0962095
"India","Female",20,0.0858297,0.0627992,0.1106228
"India","Female",25,0.1028442,0.076041,0.1325525
"India","Female",30,0.1179396,0.0877286,0.1538252
"India","Female",35,0.1303082,0.0977651,0.1702882
"India","Female",40,0.1447086,0.1081685,0.1855428
"India","Female",45,0.1584096,0.1187643,0.2031459
"India","Female",50,0.177368,0.1333075,0.227661
"India","Female",55,0.1970804,0.1484456,0.2522904
"India","Female",60,0.2214147,0.1685377,0.2812288
"India","Female",65,0.2516784,0.1920439,0.3179738
"India","Female",70,0.2819354,0.217948,0.3517076
"India","Female",75,0.3162508,0.2452141,0.3945611
"India","Female",80,0.3457251,0.2684909,0.4273771
"India","Female",85,0.371432,0.2875377,0.45923
"India","Female",90,0.3905148,0.305216,0.4786894
"India","Female",95,0.4136753,0.3259717,0.5011318
"India","Male",10,0.0531669,0.0382835,0.0708302
"India","Male",15,0.0525937,0.0384824,0.0686634
"India","Male",20,0.0576093,0.0434153,0.0732386
"India","Male",25,0.0706973,0.0530766,0.0906548
"India","Male",30,0.0839105,0.0629395,0.1080969
"India","Male",35,0.0957584,0.0722834,0.1240837
"India","Male",40,0.109862,0.0829538,0.1402291
"India","Male",45,0.1263039,0.0948786,0.1614397
"India","Male",50,0.1459122,0.1103193,0.1863061
"India","Male",55,0.1710738,0.1283946,0.2188034
"India","Male",60,0.1962782,0.1488652,0.2510291
"India","Male",65,0.2271524,0.1734065,0.2875657
"India","Male",70,0.2638433,0.2032611,0.3316969
"India","Male",75,0.2966741,0.2281794,0.3729406
"India","Male",80,0.3239063,0.2479222,0.4020134
"India","Male",85,0.3445793,0.26429,0.4294435
"India","Male",90,0.3558242,0.2763976,0.440006
"India","Male",95,0.3764519,0.2920584,0.4602921
"Indonesia","Female",10,0.0468452,0.0335031,0.0626857
"Indonesia","Female",15,0.0602923,0.0430181,0.0829108
"Indonesia","Female",20,0.0718546,0.0528305,0.0943773
"Indonesia","Female",25,0.0864559,0.0627079,0.113685
"Indonesia","Female",30,0.098688,0.0724885,0.1292196
"Indonesia","Female",35,0.1109202,0.0819166,0.1457406
"Indonesia","Female",40,0.1235987,0.0907726,0.1583776
"Indonesia","Female",45,0.1340789,0.0986341,0.1732312
"Indonesia","Female",50,0.1460945,0.1085375,0.1902632
"Indonesia","Female",55,0.1629125,0.1210864,0.2095076
"Indonesia","Female",60,0.1886985,0.1422311,0.2413988
"Indonesia","Female",65,0.2237671,0.1694305,0.2831091
"Indonesia","Female",70,0.2632999,0.198814,0.3306689
"Indonesia","Female",75,0.2988776,0.2269681,0.3761933
"Indonesia","Female",80,0.3364108,0.2531815,0.4192109
"Indonesia","Female",85,0.3633797,0.2758676,0.4573033
"Indonesia","Female",90,0.3879403,0.2975092,0.4800385
"Indonesia","Female",95,0.4190264,0.3256277,0.5111702
"Indonesia","Male",10,0.0401912,0.0291135,0.0531185
"Indonesia","Male",15,0.047399,0.0346738,0.0618806
"Indonesia","Male",20,0.0551502,0.0412811,0.0705168
"Indonesia","Male",25,0.0665947,0.0495001,0.0864991
"Indonesia","Male",30,0.0760732,0.0557811,0.0995107
"Indonesia","Male",35,0.0856838,0.0635279,0.111537
"Indonesia","Male",40,0.09687,0.0716664,0.1252014
"Indonesia","Male",45,0.1108345,0.0815747,0.1426251
"Indonesia","Male",50,0.1280793,0.0948618,0.166359
"Indonesia","Male",55,0.1499023,0.1120439,0.1918297
"Indonesia","Male",60,0.1778481,0.1339012,0.2270424
"Indonesia","Male",65,0.2145652,0.1631873,0.2721961
"Indonesia","Male",70,0.2527681,0.1906128,0.3202446
"Indonesia","Male",75,0.2850282,0.2151783,0.3580475
"Indonesia","Male",80,0.315914,0.2397863,0.3928179
"Indonesia","Male",85,0.3360034,0.2561327,0.4223856
"Indonesia","Male",90,0.3560146,0.2729381,0.4410531
"Indonesia","Male",95,0.3863014,0.2974552,0.472953
"Iran (Islamic Republic of)","Female",10,0.044297,0.0326128,0.0568904
"Iran (Islamic Republic of)","Female",15,0.0567719,0.0428965,0.0721262
"Iran (Islamic Republic of)","Female",20,0.0699944,0.0539733,0.0850785
"Iran (Islamic Republic of)","Female",25,0.0888351,0.0683177,0.1108808
"Iran (Islamic Republic of)","Female",30,0.1055223,0.0797607,0.1329651
"Iran (Islamic Republic of)","Female",35,0.119979,0.0903149,0.1533847
"Iran (Islamic Republic of)","Female",40,0.131483,0.1001703,0.1667595
"Iran (Islamic Republic of)","Female",45,0.1417306,0.1076516,0.1801914
"Iran (Islamic Republic of)","Female",50,0.1497161,0.1127636,0.1900824
"Iran (Islamic Republic of)","Female",55,0.1622816,0.1220516,0.2087059
"Iran (Islamic Republic of)","Female",60,0.1803271,0.1371554,0.231883
"Iran (Islamic Republic of)","Female",65,0.2061347,0.1571124,0.2605704
"Iran (Islamic Republic of)","Female",70,0.2380496,0.181133,0.298624
"Iran (Islamic Republic of)","Female",75,0.2692574,0.2043561,0.3391557
"Iran (Islamic Republic of)","Female",80,0.3054775,0.2322516,0.3845626
"Iran (Islamic Republic of)","Female",85,0.3377399,0.25661,0.4265567
"Iran (Islamic Republic of)","Female",90,0.3697459,0.2872336,0.4560995
"Iran (Islamic Republic of)","Female",95,0.4073709,0.3168068,0.4910179
"Iran (Islamic Republic of)","Male",10,0.0409945,0.0301032,0.0529336
"Iran (Islamic Republic of)","Male",15,0.0497993,0.0376712,0.0635972
"Iran (Islamic Republic of)","Male",20,0.0584152,0.0449738,0.0714283
"Iran (Islamic Republic of)","Male",25,0.0702592,0.0542315,0.0874012
"Iran (Islamic Republic of)","Male",30,0.0791555,0.0609697,0.0997776
"Iran (Islamic Republic of)","Male",35,0.0871133,0.0680329,0.1101888
"Iran (Islamic Republic of)","Male",40,0.0954825,0.0731332,0.1190692
"Iran (Islamic Republic of)","Male",45,0.1074007,0.0809427,0.1362997
"Iran (Islamic Republic of)","Male",50,0.1232479,0.0925465,0.1580623
"Iran (Islamic Republic of)","Male",55,0.1432212,0.1076636,0.1845167
"Iran (Islamic Republic of)","Male",60,0.1676565,0.1264986,0.2161732
"Iran (Islamic Republic of)","Male",65,0.1963082,0.1492738,0.2496877
"Iran (Islamic Republic of)","Male",70,0.226223,0.1706614,0.2868949
"Iran (Islamic Republic of)","Male",75,0.2561635,0.1923678,0.3243918
"Iran (Islamic Republic of)","Male",80,0.2886958,0.2172632,0.3636517
"Iran (Islamic Republic of)","Male",85,0.3162088,0.2400576,0.400626
"Iran (Islamic Republic of)","Male",90,0.3442726,0.2629587,0.4296612
"Iran (Islamic Republic of)","Male",95,0.3783485,0.2876834,0.4655656
"Iraq","Female",10,0.0474641,0.0359619,0.0598888
"Iraq","Female",15,0.0604933,0.0459935,0.0754072
"Iraq","Female",20,0.0754514,0.0573297,0.0933833
"Iraq","Female",25,0.0961346,0.0723727,0.1210512
"Iraq","Female",30,0.1156322,0.0883891,0.146009
"Iraq","Female",35,0.1328102,0.1000973,0.1687579
"Iraq","Female",40,0.1405976,0.1056502,0.1759461
"Iraq","Female",45,0.1493308,0.1129948,0.1897756
"Iraq","Female",50,0.1577536,0.1180532,0.2021004
"Iraq","Female",55,0.1692144,0.1276589,0.215985
"Iraq","Female",60,0.1868013,0.1409292,0.2367122
"Iraq","Female",65,0.2125238,0.1612109,0.2656401
"Iraq","Female",70,0.2427901,0.1834704,0.3032476
"Iraq","Female",75,0.2706647,0.2030298,0.3397296
"Iraq","Female",80,0.3021294,0.2286757,0.3802658
"Iraq","Female",85,0.3260746,0.249645,0.4118403
"Iraq","Female",90,0.3490329,0.2707433,0.4348734
"Iraq","Female",95,0.3828292,0.2963592,0.4643516
"Iraq","Male",10,0.0446125,0.0332251,0.0573103
"Iraq","Male",15,0.0530291,0.0397496,0.0673788
"Iraq","Male",20,0.0589408,0.0455939,0.0729468
"Iraq","Male",25,0.0718158,0.0548694,0.0895782
"Iraq","Male",30,0.0863946,0.0658197,0.1083433
"Iraq","Male",35,0.1000821,0.0776286,0.126398
"Iraq","Male",40,0.1041056,0.0795505,0.1321314
"Iraq","Male",45,0.1163133,0.0875434,0.1475243
"Iraq","Male",50,0.1323557,0.0998524,0.1716617
"Iraq","Male",55,0.1525043,0.1150158,0.1972295
"Iraq","Male",60,0.1765185,0.1321402,0.2271139
"Iraq","Male",65,0.2045244,0.1543786,0.2588759
"Iraq","Male",70,0.232714,0.176098,0.2941882
"Iraq","Male",75,0.2586139,0.1938602,0.3280355
"Iraq","Male",80,0.288255,0.218434,0.3623259
"Iraq","Male",85,0.3124662,0.2362728,0.3954616
"Iraq","Male",90,0.3382578,0.2591812,0.4203572
"Iraq","Male",95,0.373776,0.2872032,0.4574985
"Italy","Female",10,0.0481079,0.0349809,0.0632539
"Italy","Female",15,0.0706239,0.050953,0.0937326
"Italy","Female",20,0.0866349,0.0628117,0.1124522
"Italy","Female",25,0.1001226,0.0732684,0.1292553
"Italy","Female",30,0.1093368,0.0803263,0.1429876
"Italy","Female",35,0.1184434,0.0867155,0.1551005
"Italy","Female",40,0.1279834,0.0961886,0.1637514
"Italy","Female",45,0.1350365,0.0997253,0.1741566
"Italy","Female",50,0.1417046,0.1050575,0.1812111
"Italy","Female",55,0.1544903,0.114412,0.1998665
"Italy","Female",60,0.1717257,0.1279043,0.222928
"Italy","Female",65,0.1917366,0.143434,0.2451708
"Italy","Female",70,0.2154175,0.1632193,0.2731042
"Italy","Female",75,0.2432455,0.1836603,0.3090433
"Italy","Female",80,0.2826518,0.2128389,0.3581508
"Italy","Female",85,0.3250767,0.2453408,0.4122216
"Italy","Female",90,0.3654476,0.2819099,0.4561844
"Italy","Female",95,0.4069203,0.3139563,0.4980743
"Italy","Male",10,0.0418627,0.0306628,0.0548421
"Italy","Male",15,0.0554597,0.0406069,0.0723442
"Italy","Male",20,0.0624,0.0461476,0.0805106
"Italy","Male",25,0.0728856,0.0540405,0.0943694
"Italy","Male",30,0.0816209,0.060417,0.1054001
"Italy","Male",35,0.0901064,0.0674593,0.1164465
"Italy","Male",40,0.0985818,0.073747,0.1263906
"Italy","Male",45,0.1089371,0.0801365,0.1414082
"Italy","Male",50,0.1237712,0.0912622,0.1614787
"Italy","Male",55,0.1437505,0.1061384,0.1878918
"Italy","Male",60,0.1669871,0.1249218,0.2161669
"Italy","Male",65,0.1922849,0.1447376,0.2447588
"Italy","Male",70,0.2205146,0.1661195,0.2800671
"Italy","Male",75,0.2502189,0.1901678,0.3171919
"Italy","Male",80,0.2840898,0.2153419,0.3608265
"Italy","Male",85,0.3159829,0.2397562,0.4023874
"Italy","Male",90,0.3444507,0.2621656,0.433637
"Italy","Male",95,0.3777409,0.2869295,0.4670536
"Japan","Female",10,0.0440117,0.0313655,0.0587507
"Japan","Female",15,0.0598188,0.0437526,0.0782657
"Japan","Female",20,0.072338,0.0531637,0.0936918
"Japan","Female",25,0.0853721,0.0627053,0.1111876
"Japan","Female",30,0.0963082,0.0708477,0.1257427
"Japan","Female",35,0.107232,0.079926,0.1403372
"Japan","Female",40,0.1196619,0.089048,0.1547861
"Japan","Female",45,0.1276948,0.0943646,0.1645268
"Japan","Female",50,0.1353286,0.099828,0.1760594
"Japan","Female",55,0.147587,0.1084962,0.1931636
"Japan","Female",60,0.1632556,0.1211757,0.2135073
"Japan","Female",65,0.181906,0.136043,0.2346614
"Japan","Female",70,0.2042713,0.1534189,0.2606937
"Japan","Female",75,0.2295863,0.1722927,0.2946698
"Japan","Female",80,0.2653901,0.1972252,0.3381432
"Japan","Female",85,0.3020149,0.2267539,0.3848626
"Japan","Female",90,0.3388768,0.2578931,0.4253431
"Japan","Female",95,0.3811825,0.2906011,0.4699122
"Japan","Male",10,0.0386177,0.0281,0.0519931
"Japan","Male",15,0.0461078,0.0339471,0.0593533
"Japan","Male",20,0.0499216,0.0371435,0.0628867
"Japan","Male",25,0.0609479,0.0457712,0.0785796
"Japan","Male",30,0.0708302,0.0526953,0.0909712
"Japan","Male",35,0.0798571,0.0603106,0.1030954
"Japan","Male",40,0.0890297,0.0667212,0.1143005
"Japan","Male",45,0.0985998,0.0736383,0.1273357
"Japan","Male",50,0.1109418,0.0825885,0.145363
"Japan","Male",55,0.1269337,0.0947121,0.1657135
"Japan","Male",60,0.1467454,0.1095935,0.1903811
"Japan","Male",65,0.1698287,0.1274413,0.2166348
"Japan","Male",70,0.1973748,0.1487156,0.251766
"Japan","Male",75,0.227897,0.1726744,0.2905479
"Japan","Male",80,0.2635112,0.1998469,0.331919
"Japan","Male",85,0.2947092,0.2248428,0.372443
"Japan","Male",90,0.3155401,0.2434,0.3933104
"Japan","Male",95,0.3439968,0.2659036,0.4256858
"Kenya","Female",10,0.0470992,0.0352046,0.0610743
"Kenya","Female",15,0.0595663,0.0444906,0.0755691
"Kenya","Female",20,0.0728931,0.0557576,0.0904831
"Kenya","Female",25,0.0924129,0.0696675,0.1168303
"Kenya","Female",30,0.1088569,0.0824985,0.1380131
"Kenya","Female",35,0.12282,0.0929338,0.1579055
"Kenya","Female",40,0.136315,0.1035193,0.1741608
"Kenya","Female",45,0.1417622,0.107483,0.1811974
"Kenya","Female",50,0.1490023,0.1125799,0.191229
"Kenya","Female",55,0.1580787,0.1215852,0.2010467
"Kenya","Female",60,0.1706484,0.1311183,0.2184111
"Kenya","Female",65,0.191494,0.1476502,0.2427255
"Kenya","Female",70,0.218331,0.1672863,0.2751005
"Kenya","Female",75,0.2447096,0.1880308,0.3067535
"Kenya","Female",80,0.2742117,0.2110192,0.344637
"Kenya","Female",85,0.3019563,0.2316014,0.3808402
"Kenya","Female",90,0.3301003,0.2550323,0.4088884
"Kenya","Female",95,0.3679751,0.2833958,0.4478818
"Kenya","Male",10,0.0482013,0.0354191,0.0629191
"Kenya","Male",15,0.0536257,0.0404247,0.0684844
"Kenya","Male",20,0.0578711,0.0439108,0.0716123
"Kenya","Male",25,0.0684502,0.0526734,0.0850097
"Kenya","Male",30,0.0793992,0.0606758,0.1005179
"Kenya","Male",35,0.0903962,0.0695992,0.1145215
"Kenya","Male",40,0.1030436,0.0777534,0.1321772
"Kenya","Male",45,0.1163789,0.0886893,0.1475579
"Kenya","Male",50,0.1325313,0.1006979,0.1695155
"Kenya","Male",55,0.1502917,0.1139973,0.19357
"Kenya","Male",60,0.1688448,0.128022,0.2164498
"Kenya","Male",65,0.1940071,0.1468998,0.2473483
"Kenya","Male",70,0.2262711,0.1720811,0.2870245
"Kenya","Male",75,0.2574001,0.1950006,0.3257374
"Kenya","Male",80,0.2898089,0.2221319,0.3625204
"Kenya","Male",85,0.3182291,0.2440066,0.4004013
"Kenya","Male",90,0.3421434,0.2637614,0.4248037
"Kenya","Male",95,0.3735561,0.2883458,0.4564483
"Mexico","Female",10,0.0436223,0.0318116,0.0575794
"Mexico","Female",15,0.0574048,0.0424924,0.0751548
"Mexico","Female",20,0.0705559,0.0536004,0.0870629
"Mexico","Female",25,0.0874766,0.0667914,0.1099557
"Mexico","Female",30,0.10041,0.076026,0.1278219
"Mexico","Female",35,0.1134265,0.0863128,0.145577
"Mexico","Female",40,0.1294683,0.0979325,0.1628991
"Mexico","Female",45,0.1432176,0.1064761,0.1813921
"Mexico","Female",50,0.1583048,0.1187426,0.2039913
"Mexico","Female",55,0.1760181,0.1317334,0.2258021
"Mexico","Female",60,0.1972999,0.1481854,0.2534876
"Mexico","Female",65,0.2195243,0.1663989,0.2821249
"Mexico","Female",70,0.2422529,0.1848043,0.3067699
"Mexico","Female",75,0.2654512,0.202201,0.3373705
"Mexico","Female",80,0.2928839,0.2227292,0.3693926
"Mexico","Female",85,0.3192393,0.2417515,0.4007177
"Mexico","Female",90,0.3425898,0.2643896,0.4267798
"Mexico","Female",95,0.3738797,0.290065,0.4567457
"Mexico","Male",10,0.0386883,0.0281609,0.0510486
"Mexico","Male",15,0.0456439,0.0340224,0.058765
"Mexico","Male",20,0.0519095,0.0394833,0.0643846
"Mexico","Male",25,0.0648813,0.0496391,0.0817347
"Mexico","Male",30,0.0757092,0.0575349,0.0961324
"Mexico","Male",35,0.0856481,0.0654005,0.1092521
"Mexico","Male",40,0.0981685,0.0741175,0.1254874
"Mexico","Male",45,0.1146725,0.0855629,0.1463145
"Mexico","Male",50,0.1350578,0.1007476,0.1760334
"Mexico","Male",55,0.1584033,0.118438,0.2043053
"Mexico","Male",60,0.1837685,0.1371345,0.2361524
"Mexico","Male",65,0.2106279,0.1581253,0.2698357
"Mexico","Male",70,0.2379975,0.1804581,0.3033858
"Mexico","Male",75,0.2614733,0.1975256,0.3322151
"Mexico","Male",80,0.2865382,0.2159938,0.3617729
"Mexico","Male",85,0.3091591,0.2339489,0.392187
"Mexico","Male",90,0.3259774,0.2480522,0.4097336
"Mexico","Male",95,0.3519428,0.2689621,0.4375714
"Morocco","Female",10,0.0457526,0.0337934,0.0585855
"Morocco","Female",15,0.0588476,0.0448473,0.0731501
"Morocco","Female",20,0.0757046,0.0589374,0.0927089
"Morocco","Female",25,0.0961545,0.0738886,0.1198843
"Morocco","Female",30,0.111176,0.0849954,0.1416017
"Morocco","Female",35,0.1235576,0.0943437,0.1582929
"Morocco","Female",40,0.1347441,0.1026613,0.1713667
"Morocco","Female",45,0.1439157,0.1087579,0.1845955
"Morocco","Female",50,0.1525893,0.1160355,0.1939187
"Morocco","Female",55,0.1629461,0.1240967,0.204653
"Morocco","Female",60,0.1776669,0.1370277,0.2238393
"Morocco","Female",65,0.2017634,0.153191,0.2546913
"Morocco","Female",70,0.2315765,0.1767989,0.2888033
"Morocco","Female",75,0.2594379,0.1955549,0.3233922
"Morocco","Female",80,0.2919496,0.2214521,0.3682135
"Morocco","Female",85,0.3203561,0.2422237,0.4055747
"Morocco","Female",90,0.3484189,0.2680362,0.4339096
"Morocco","Female",95,0.3843981,0.2965065,0.4704821
"Morocco","Male",10,0.0419984,0.0312002,0.0552689
"Morocco","Male",15,0.0476999,0.0361827,0.0618041
"Morocco","Male",20,0.0530348,0.041506,0.0663267
"Morocco","Male",25,0.0638856,0.0492763,0.0789939
"Morocco","Male",30,0.0730342,0.0562304,0.0910732
"Morocco","Male",35,0.0811782,0.0630929,0.1030379
"Morocco","Male",40,0.0902656,0.0705008,0.1129882
"Morocco","Male",45,0.1020996,0.077224,0.1281985
"Morocco","Male",50,0.1168876,0.0881763,0.150708
"Morocco","Male",55,0.1367025,0.1030883,0.1754335
"Morocco","Male",60,0.1617441,0.1216797,0.2056815
"Morocco","Male",65,0.1915793,0.1457899,0.2450012
"Morocco","Male",70,0.2216894,0.1682949,0.2812976
"Morocco","Male",75,0.2490403,0.1883014,0.3170599
"Morocco","Male",80,0.2791435,0.2111241,0.3506274
"Morocco","Male",85,0.3041083,0.230177,0.385328
"Morocco","Male",90,0.3307641,0.2545801,0.4140225
"Morocco","Male",95,0.365659,0.2806808,0.4533385
"Mozambique","Female",10,0.0520224,0.0382036,0.0680017
"Mozambique","Female",15,0.0668843,0.0497483,0.0850823
"Mozambique","Female",20,0.0868156,0.0672066,0.1081899
"Mozambique","Female",25,0.1077464,0.08287,0.1353663
"Mozambique","Female",30,0.1257501,0.094972,0.1584009
"Mozambique","Female",35,0.1373063,0.1034494,0.1721164
"Mozambique","Female",40,0.1478898,0.1125352,0.1873302
"Mozambique","Female",45,0.1514614,0.1154391,0.1917962
"Mozambique","Female",50,0.1590948,0.121712,0.2024709
"Mozambique","Female",55,0.167712,0.1281132,0.2132288
"Mozambique","Female",60,0.1775813,0.1356383,0.2247693
"Mozambique","Female",65,0.1970484,0.1520718,0.2471034
"Mozambique","Female",70,0.2233835,0.1728226,0.2806842
"Mozambique","Female",75,0.2467971,0.1894249,0.3107012
"Mozambique","Female",80,0.2741004,0.2110978,0.3409831
"Mozambique","Female",85,0.299574,0.2327732,0.3753275
"Mozambique","Female",90,0.3244916,0.2513276,0.404414
"Mozambique","Female",95,0.3612601,0.2804863,0.4406407
"Mozambique","Male",10,0.0573967,0.0411483,0.076991
"Mozambique","Male",15,0.0598291,0.0450203,0.076103
"Mozambique","Male",20,0.065565,0.0508203,0.0799529
"Mozambique","Male",25,0.0814785,0.0625757,0.1012046
"Mozambique","Male",30,0.0987287,0.0756866,0.124054
"Mozambique","Male",35,0.1121497,0.0863208,0.1441224
"Mozambique","Male",40,0.1251238,0.0956907,0.1595811
"Mozambique","Male",45,0.1408908,0.1066052,0.178235
"Mozambique","Male",50,0.1543081,0.1176134,0.1955575
"Mozambique","Male",55,0.1709111,0.1317582,0.2158604
"Mozambique","Male",60,0.1873837,0.1430743,0.2350378
"Mozambique","Male",65,0.2090276,0.1597541,0.2641027
"Mozambique","Male",70,0.2390763,0.1817123,0.2992429
"Mozambique","Male",75,0.2680822,0.2060554,0.3339954
"Mozambique","Male",80,0.2968444,0.2250521,0.3677558
"Mozambique","Male",85,0.3213084,0.2475396,0.4000459
"Mozambique","Male",90,0.3405635,0.2642882,0.4200606
"Mozambique","Male",95,0.3692709,0.2846422,0.4475962
"Nigeria","Female",10,0.0623667,0.0438582,0.0845773
"Nigeria","Female",15,0.0722382,0.0525124,0.0971466
"Nigeria","Female",20,0.0793784,0.0586909,0.1030439
"Nigeria","Female",25,0.0950113,0.0704224,0.1223591
"Nigeria","Female",30,0.110344,0.0817748,0.1429249
"Nigeria","Female",35,0.1242973,0.0933979,0.1621971
"Nigeria","Female",40,0.1366309,0.1027685,0.1758828
"Nigeria","Female",45,0.1426167,0.1064181,0.1840737
"Nigeria","Female",50,0.1483614,0.1095742,0.1909991
"Nigeria","Female",55,0.160979,0.1214103,0.2071487
"Nigeria","Female",60,0.1783385,0.135093,0.2288522
"Nigeria","Female",65,0.2012094,0.1541861,0.2555125
"Nigeria","Female",70,0.2277585,0.1730397,0.285641
"Nigeria","Female",75,0.2522742,0.1925377,0.3175665
"Nigeria","Female",80,0.2774673,0.2117365,0.3479365
"Nigeria","Female",85,0.2980255,0.2271022,0.3749615
"Nigeria","Female",90,0.3193269,0.2458484,0.396526
"Nigeria","Female",95,0.3504831,0.2709088,0.4273303
"Nigeria","Male",10,0.0631007,0.0442434,0.087221
"Nigeria","Male",15,0.0591179,0.0430405,0.077672
"Nigeria","Male",20,0.060864,0.0455391,0.0779667
"Nigeria","Male",25,0.070939,0.0533489,0.0909532
"Nigeria","Male",30,0.0798472,0.0601723,0.1025461
"Nigeria","Male",35,0.0889967,0.0673554,0.1155024
"Nigeria","Male",40,0.0991835,0.0751994,0.1281723
"Nigeria","Male",45,0.1091415,0.0813405,0.139879
"Nigeria","Male",50,0.1213475,0.090027,0.15909
"Nigeria","Male",55,0.1381683,0.1042076,0.1822316
"Nigeria","Male",60,0.159067,0.1197145,0.2054982
"Nigeria","Male",65,0.1858303,0.1400996,0.2370542
"Nigeria","Male",70,0.217253,0.1658282,0.2776105
"Nigeria","Male",75,0.2459864,0.1869565,0.3120841
"Nigeria","Male",80,0.2728519,0.2080861,0.3448544
"Nigeria","Male",85,0.2977462,0.2254697,0.377536
"Nigeria","Male",90,0.31971,0.2438457,0.4011965
"Nigeria","Male",95,0.3512499,0.2718839,0.4343935
"Pakistan","Female",10,0.0588496,0.0417259,0.07877
"Pakistan","Female",15,0.0690182,0.0498278,0.0920757
"Pakistan","Female",20,0.080702,0.0596932,0.104419
"Pakistan","Female",25,0.0976196,0.0727637,0.1254482
"Pakistan","Female",30,0.1113587,0.0841094,0.1438976
"Pakistan","Female",35,0.1255549,0.0948037,0.1628885
"Pakistan","Female",40,0.1392733,0.1042361,0.1774713
"Pakistan","Female",45,0.1510662,0.1129943,0.1926312
"Pakistan","Female",50,0.165375,0.1245553,0.2123863
"Pakistan","Female",55,0.182728,0.1387209,0.2322164
"Pakistan","Female",60,0.204306,0.1575752,0.2586977
"Pakistan","Female",65,0.2312851,0.1772767,0.291481
"Pakistan","Female",70,0.2625958,0.2015281,0.3294675
"Pakistan","Female",75,0.287862,0.2218749,0.3597662
"Pakistan","Female",80,0.3214485,0.2490238,0.3963936
"Pakistan","Female",85,0.3425932,0.2649405,0.4243559
"Pakistan","Female",90,0.3660999,0.2883213,0.4468529
"Pakistan","Female",95,0.394374,0.3124509,0.4725516
"Pakistan","Male",10,0.048656,0.0347406,0.0670611
"Pakistan","Male",15,0.0482795,0.0354635,0.0644674
"Pakistan","Male",20,0.0557732,0.042309,0.0705971
"Pakistan","Male",25,0.0678311,0.051026,0.0861779
"Pakistan","Male",30,0.0788384,0.0591354,0.1001348
"Pakistan","Male",35,0.0887935,0.0677526,0.1122979
"Pakistan","Male",40,0.1005223,0.0758613,0.1264187
"Pakistan","Male",45,0.1149166,0.0860562,0.1457432
"Pakistan","Male",50,0.1327228,0.0999078,0.1696537
"Pakistan","Male",55,0.1567431,0.1177422,0.2002107
"Pakistan","Male",60,0.1788753,0.1358716,0.2300326
"Pakistan","Male",65,0.2068364,0.1581983,0.2620703
"Pakistan","Male",70,0.2399709,0.1838185,0.3032912
"Pakistan","Male",75,0.270574,0.2066994,0.3412908
"Pakistan","Male",80,0.3020687,0.2319543,0.37654
"Pakistan","Male",85,0.329828,0.2511572,0.4126996
"Pakistan","Male",90,0.3506796,0.2706726,0.4345542
"Pakistan","Male",95,0.374648,0.2898488,0.4549016
"Philippines","Female",10,0.0460038,0.0338307,0.0606001
"Philippines","Female",15,0.0615694,0.0450563,0.0830266
"Philippines","Female",20,0.0733352,0.0542493,0.0946296
"Philippines","Female",25,0.0889659,0.065493,0.1147479
"Philippines","Female",30,0.1024318,0.0757562,0.1328959
"Philippines","Female",35,0.1151622,0.0858792,0.1511209
"Philippines","Female",40,0.1274658,0.0951209,0.1636208
"Philippines","Female",45,0.1369768,0.1009868,0.176608
"Philippines","Female",50,0.1480198,0.1099962,0.1923794
"Philippines","Female",55,0.1624661,0.1205046,0.2099989
"Philippines","Female",60,0.1838239,0.1385153,0.2368831
"Philippines","Female",65,0.2120681,0.1597272,0.2702345
"Philippines","Female",70,0.2440151,0.1842557,0.3077766
"Philippines","Female",75,0.2731091,0.2055771,0.344496
"Philippines","Female",80,0.3050997,0.2287677,0.3828002
"Philippines","Female",85,0.3315947,0.2525578,0.4173787
"Philippines","Female",90,0.3550529,0.2702667,0.441853
"Philippines","Female",95,0.3843036,0.2951301,0.4684473
"Philippines","Male",10,0.0423274,0.0306707,0.0554806
"Philippines","Male",15,0.0494089,0.0365576,0.0648316
"Philippines","Male",20,0.0585402,0.0442195,0.0737247
"Philippines","Male",25,0.0708279,0.0531925,0.0907682
"Philippines","Male",30,0.0806796,0.0599189,0.1043689
"Philippines","Male",35,0.0903966,0.0681861,0.1157594
"Philippines","Male",40,0.1012468,0.0756128,0.1303937
"Philippines","Male",45,0.1149942,0.0849934,0.1474149
"Philippines","Male",50,0.1308695,0.0977712,0.1693965
"Philippines","Male",55,0.1510426,0.1129162,0.1932471
"Philippines","Male",60,0.1760913,0.1330834,0.2249762
"Philippines","Male",65,0.207568,0.1573939,0.2622925
"Philippines","Male",70,0.2407371,0.183098,0.3030837
"Philippines","Male",75,0.2694394,0.2050001,0.3395918
"Philippines","Male",80,0.2949218,0.2238973,0.3681772
"Philippines","Male",85,0.3127744,0.2382558,0.3914068
"Philippines","Male",90,0.330688,0.2531765,0.4107062
"Philippines","Male",95,0.3594864,0.2767154,0.4382994
"Russian Federation","Female",10,0.0424927,0.0308173,0.0563824
"Russian Federation","Female",15,0.0576875,0.0421322,0.0767159
"Russian Federation","Female",20,0.0720459,0.0533132,0.093191
"Russian Federation","Female",25,0.0875011,0.0650622,0.1129172
"Russian Federation","Female",30,0.1004966,0.074299,0.1297055
"Russian Federation","Female",35,0.1134654,0.0849692,0.1466649
"Russian Federation","Female",40,0.1266526,0.0948833,0.1617393
"Russian Federation","Female",45,0.1399894,0.1038361,0.1799851
"Russian Federation","Female",50,0.1527675,0.1131014,0.200152
"Russian Federation","Female",55,0.1695805,0.1250627,0.2200327
"Russian Federation","Female",60,0.1891156,0.1405362,0.2454177
"Russian Federation","Female",65,0.2087272,0.1574297,0.2686627
"Russian Federation","Female",70,0.229101,0.1736668,0.2930227
"Russian Federation","Female",75,0.2518898,0.190057,0.3196595
"Russian Federation","Female",80,0.2831894,0.2134374,0.3570334
"Russian Federation","Female",85,0.3087011,0.2328664,0.3913156
"Russian Federation","Female",90,0.3334467,0.2521848,0.4180111
"Russian Federation","Female",95,0.364354,0.2780765,0.4491423
"Russian Federation","Male",10,0.0370081,0.0266701,0.0485515
"Russian Federation","Male",15,0.0468421,0.0341805,0.0609811
"Russian Federation","Male",20,0.0595917,0.0444728,0.0751118
"Russian Federation","Male",25,0.0744547,0.0564643,0.0941013
"Russian Federation","Male",30,0.0863209,0.0649248,0.1106367
"Russian Federation","Male",35,0.0958711,0.0726147,0.1227213
"Russian Federation","Male",40,0.1040696,0.0778357,0.1334655
"Russian Federation","Male",45,0.1161929,0.0859193,0.1498451
"Russian Federation","Male",50,0.1344654,0.0995218,0.1764144
"Russian Federation","Male",55,0.1580318,0.1180059,0.2045378
"Russian Federation","Male",60,0.1840135,0.1380346,0.238675
"Russian Federation","Male",65,0.2108556,0.1606522,0.271078
"Russian Federation","Male",70,0.2352652,0.1773838,0.3031561
"Russian Federation","Male",75,0.2531245,0.1917067,0.3254484
"Russian Federation","Male",80,0.2724828,0.2063821,0.3465534
"Russian Federation","Male",85,0.2944223,0.2215969,0.3766226
"Russian Federation","Male",90,0.3216846,0.2429051,0.4067511
"Russian Federation","Male",95,0.3579808,0.2717517,0.4448817
"South Africa","Female",10,0.0520515,0.0384343,0.0680141
"South Africa","Female",15,0.0685847,0.0505305,0.0884605
"South Africa","Female",20,0.0918931,0.0679663,0.1155497
"South Africa","Female",25,0.1173269,0.0883086,0.1475767
"South Africa","Female",30,0.1355416,0.1021396,0.1734862
"South Africa","Female",35,0.1488184,0.1115964,0.1896107
"South Africa","Female",40,0.161792,0.1210518,0.2056175
"South Africa","Female",45,0.1670921,0.1254624,0.2139497
"South Africa","Female",50,0.1749145,0.1310521,0.2242853
"South Africa","Female",55,0.1822371,0.1385387,0.2337352
"South Africa","Female",60,0.1979117,0.151251,0.2522045
"South Africa","Female",65,0.2183043,0.1675556,0.2750002
"South Africa","Female",70,0.2413851,0.1844244,0.3023482
"South Africa","Female",75,0.2645769,0.20283,0.3309866
"South Africa","Female",80,0.2938391,0.2267995,0.3656352
"South Africa","Female",85,0.3202681,0.2466403,0.3994701
"South Africa","Female",90,0.3484155,0.270473,0.4266821
"South Africa","Female",95,0.3798151,0.2957733,0.4567457
"South Africa","Male",10,0.0467247,0.0343453,0.0618706
"South Africa","Male",15,0.0540125,0.0405525,0.0688383
"South Africa","Male",20,0.0631061,0.0478393,0.078828
"South Africa","Male",25,0.0800044,0.0611871,0.1005892
"South Africa","Male",30,0.0963509,0.0728202,0.1223808
"South Africa","Male",35,0.1092114,0.0822443,0.1397163
"South Africa","Male",40,0.1205781,0.0908657,0.1533105
"South Africa","Male",45,0.1341595,0.0995765,0.1707959
"South Africa","Male",50,0.1494989,0.1117258,0.1926763
"South Africa","Male",55,0.1662176,0.125013,0.2138236
"South Africa","Male",60,0.1875125,0.142249,0.2389772
"South Africa","Male",65,0.2139146,0.1634411,0.2695469
"South Africa","Male",70,0.2416892,0.1842485,0.3030643
"South Africa","Male",75,0.2694714,0.205119,0.3362627
"South Africa","Male",80,0.3007359,0.2302782,0.3769791
"South Africa","Male",85,0.3301143,0.2549016,0.4119584
"South Africa","Male",90,0.3545805,0.2755226,0.4357359
"South Africa","Male",95,0.3852886,0.299164,0.4686658
"Sudan","Female",10,0.0474274,0.0345338,0.0614152
"Sudan","Female",15,0.0594179,0.0449186,0.0762551
"Sudan","Female",20,0.0746056,0.0570047,0.0913767
"Sudan","Female",25,0.0946873,0.0715269,0.1187154
"Sudan","Female",30,0.1105341,0.0828877,0.1400729
"Sudan","Female",35,0.1233743,0.0937099,0.1572782
"Sudan","Female",40,0.1336081,0.1012996,0.1704741
"Sudan","Female",45,0.1422596,0.1076949,0.1807286
"Sudan","Female",50,0.1503853,0.1130294,0.193743
"Sudan","Female",55,0.1606006,0.1200723,0.2047149
"Sudan","Female",60,0.1764155,0.1343675,0.2254007
"Sudan","Female",65,0.2024269,0.1529548,0.2556252
"Sudan","Female",70,0.2349542,0.1781843,0.2944751
"Sudan","Female",75,0.2649533,0.2003474,0.3344039
"Sudan","Female",80,0.2983477,0.2280771,0.3755256
"Sudan","Female",85,0.3247388,0.2467688,0.4136793
"Sudan","Female",90,0.3509611,0.2681595,0.4391734
"Sudan","Female",95,0.385426,0.2933367,0.4728368
"Sudan","Male",10,0.0448937,0.0326893,0.0591309
"Sudan","Male",15,0.0482977,0.0367502,0.0610939
"Sudan","Male",20,0.0517636,0.0398925,0.0634987
"Sudan","Male",25,0.062432,0.0471181,0.0766189
"Sudan","Male",30,0.0724594,0.0550461,0.0903612
"Sudan","Male",35,0.0820145,0.0625239,0.1028287
"Sudan","Male",40,0.0917523,0.0703553,0.1150048
"Sudan","Male",45,0.1035761,0.0782549,0.1312337
"Sudan","Male",50,0.1180286,0.0892994,0.1524543
"Sudan","Male",55,0.1371504,0.1023285,0.1773788
"Sudan","Male",60,0.1614592,0.1215813,0.2076985
"Sudan","Male",65,0.1916819,0.1443848,0.243448
"Sudan","Male",70,0.2228038,0.1689065,0.2823554
"Sudan","Male",75,0.251816,0.188915,0.3171392
"Sudan","Male",80,0.2830769,0.2131323,0.3584438
"Sudan","Male",85,0.3084199,0.2322782,0.3929831
"Sudan","Male",90,0.334606,0.2564106,0.4201128
"Sudan","Male",95,0.3691004,0.2793994,0.4578133
"Thailand","Female",10,0.0406882,0.0291043,0.05514
"Thailand","Female",15,0.0534246,0.0383157,0.0740723
"Thailand","Female",20,0.0665789,0.0486261,0.0867589
"Thailand","Female",25,0.0813449,0.0598651,0.106432
"Thailand","Female",30,0.0935431,0.0687408,0.121825
"Thailand","Female",35,0.1040246,0.0771034,0.1371774
"Thailand","Female",40,0.1152669,0.0857907,0.1489459
"Thailand","Female",45,0.1242799,0.0916832,0.1598893
"Thailand","Female",50,0.1344758,0.0998294,0.1734998
"Thailand","Female",55,0.1480439,0.1098534,0.1906621
"Thailand","Female",60,0.1699131,0.1273681,0.2183478
"Thailand","Female",65,0.1952086,0.1475819,0.2499751
"Thailand","Female",70,0.2237999,0.1690704,0.2847512
"Thailand","Female",75,0.2514672,0.1899064,0.3208397
"Thailand","Female",80,0.2826666,0.2131075,0.3549483
"Thailand","Female",85,0.3075952,0.2346443,0.3883491
"Thailand","Female",90,0.3292794,0.2525077,0.4113018
"Thailand","Female",95,0.3585856,0.2769987,0.4413041
"Thailand","Male",10,0.0378019,0.0275476,0.0499916
"Thailand","Male",15,0.0466694,0.0337741,0.0610081
"Thailand","Male",20,0.0602416,0.0457158,0.0767602
"Thailand","Male",25,0.0728161,0.0541677,0.0927676
"Thailand","Male",30,0.0807972,0.0601821,0.1043673
"Thailand","Male",35,0.0878462,0.0662604,0.1137193
"Thailand","Male",40,0.0978193,0.0731288,0.1257228
"Thailand","Male",45,0.1094089,0.0814432,0.1402789
"Thailand","Male",50,0.1242971,0.0932953,0.160196
"Thailand","Male",55,0.1412886,0.1044911,0.1820669
"Thailand","Male",60,0.1633609,0.1225072,0.2081439
"Thailand","Male",65,0.1915295,0.1448571,0.2441358
"Thailand","Male",70,0.2228928,0.1691133,0.2838092
"Thailand","Male",75,0.2518563,0.1927452,0.3204542
"Thailand","Male",80,0.2803274,0.2124556,0.3537214
"Thailand","Male",85,0.3023517,0.2307896,0.3813015
"Thailand","Male",90,0.3207524,0.2466286,0.4013382
"Thailand","Male",95,0.3489127,0.2685662,0.42776
"Turkey","Female",10,0.0454576,0.0338087,0.0581485
"Turkey","Female",15,0.0596637,0.0450976,0.0766685
"Turkey","Female",20,0.0762439,0.0584152,0.0937832
"Turkey","Female",25,0.0965814,0.0737804,0.1198853
"Turkey","Female",30,0.1120874,0.0856784,0.1409871
"Turkey","Female",35,0.1238973,0.0950759,0.1585734
"Turkey","Female",40,0.1336724,0.1021785,0.1697712
"Turkey","Female",45,0.140725,0.1069498,0.1782984
"Turkey","Female",50,0.1497376,0.1133126,0.1912183
"Turkey","Female",55,0.1601495,0.1218482,0.2036519
"Turkey","Female",60,0.1751903,0.1338981,0.2226934
"Turkey","Female",65,0.200527,0.153885,0.2555362
"Turkey","Female",70,0.2317206,0.1763537,0.2928433
"Turkey","Female",75,0.2627093,0.2021925,0.3294682
"Turkey","Female",80,0.2986566,0.2282028,0.373913
"Turkey","Female",85,0.3279821,0.2508508,0.4155079
"Turkey","Female",90,0.3564932,0.2768231,0.4425096
"Turkey","Female",95,0.3923367,0.3026141,0.4823764
"Turkey","Male",10,0.0411188,0.0307621,0.0535478
"Turkey","Male",15,0.0480747,0.0366874,0.0601508
"Turkey","Male",20,0.0521945,0.0402768,0.0634201
"Turkey","Male",25,0.0628541,0.0482186,0.0788613
"Turkey","Male",30,0.0725609,0.0554552,0.0918636
"Turkey","Male",35,0.0810717,0.0621051,0.1020956
"Turkey","Male",40,0.0904682,0.0678371,0.1131792
"Turkey","Male",45,0.1032095,0.0774883,0.1317535
"Turkey","Male",50,0.1179739,0.088991,0.1524489
"Turkey","Male",55,0.1368153,0.1031417,0.1764245
"Turkey","Male",60,0.1615074,0.1222485,0.2073493
"Turkey","Male",65,0.1935483,0.1469688,0.2478828
"Turkey","Male",70,0.226469,0.1725821,0.2866697
"Turkey","Male",75,0.25778,0.1945955,0.3233274
"Turkey","Male",80,0.2882826,0.2200381,0.3609155
"Turkey","Male",85,0.3104086,0.2354273,0.3925979
"Turkey","Male",90,0.3315712,0.2538163,0.4149995
"Turkey","Male",95,0.3624856,0.2732059,0.4471629
"Uganda","Female",10,0.0513306,0.0373851,0.067432
"Uganda","Female",15,0.0606608,0.0469247,0.0755432
"Uganda","Female",20,0.0739163,0.0576491,0.0894275
"Uganda","Female",25,0.0917091,0.0711559,0.1146338
"Uganda","Female",30,0.1063703,0.0810652,0.1343394
"Uganda","Female",35,0.1181352,0.0910675,0.1480432
"Uganda","Female",40,0.1297462,0.1013964,0.1614875
"Uganda","Female",45,0.1362939,0.1050437,0.1718844
"Uganda","Female",50,0.1428924,0.1101257,0.1808443
"Uganda","Female",55,0.1513547,0.118367,0.1888863
"Uganda","Female",60,0.163399,0.1273989,0.2088104
"Uganda","Female",65,0.1830188,0.141338,0.2313925
"Uganda","Female",70,0.2051343,0.1585108,0.2555699
"Uganda","Female",75,0.2258681,0.1752286,0.279109
"Uganda","Female",80,0.2513537,0.19534,0.3098024
"Uganda","Female",85,0.2773684,0.2143399,0.3444801
"Uganda","Female",90,0.3044741,0.2378435,0.3739834
"Uganda","Female",95,0.3454277,0.2706106,0.4178082
"Uganda","Male",10,0.0516159,0.0373657,0.0689374
"Uganda","Male",15,0.0546026,0.041146,0.0681259
"Uganda","Male",20,0.0568945,0.0442129,0.0681583
"Uganda","Male",25,0.0666614,0.0523242,0.0808107
"Uganda","Male",30,0.0773,0.059075,0.0949548
"Uganda","Male",35,0.0885205,0.0687651,0.1106946
"Uganda","Male",40,0.100733,0.0769981,0.1260712
"Uganda","Male",45,0.1132759,0.0875832,0.1417747
"Uganda","Male",50,0.1297073,0.0999413,0.1632826
"Uganda","Male",55,0.1468186,0.1125673,0.1849931
"Uganda","Male",60,0.1647461,0.1271861,0.2073564
"Uganda","Male",65,0.1867149,0.1427313,0.2328871
"Uganda","Male",70,0.2147621,0.1640589,0.2674682
"Uganda","Male",75,0.2412162,0.1851023,0.3015033
"Uganda","Male",80,0.2696734,0.2070061,0.3323714
"Uganda","Male",85,0.2946546,0.2245966,0.3674466
"Uganda","Male",90,0.3153541,0.2443535,0.3897375
"Uganda","Male",95,0.3478755,0.2701641,0.4246915
"United Kingdom","Female",10,0.0491604,0.0363599,0.0648152
"United Kingdom","Female",15,0.0736132,0.0538493,0.0976531
"United Kingdom","Female",20,0.0934155,0.0692694,0.1194904
"United Kingdom","Female",25,0.1090354,0.0802376,0.139596
"United Kingdom","Female",30,0.1196339,0.0885621,0.1535488
"United Kingdom","Female",35,0.1306266,0.0975701,0.1676826
"United Kingdom","Female",40,0.1423317,0.1068046,0.181329
"United Kingdom","Female",45,0.1496935,0.1111762,0.192804
"United Kingdom","Female",50,0.1576582,0.117591,0.2018414
"United Kingdom","Female",55,0.169282,0.1252192,0.2181983
"United Kingdom","Female",60,0.1849258,0.1386033,0.2405431
"United Kingdom","Female",65,0.2055299,0.1566345,0.2614342
"United Kingdom","Female",70,0.2302702,0.1747622,0.2898513
"United Kingdom","Female",75,0.256646,0.194866,0.3236841
"United Kingdom","Female",80,0.2893958,0.2191946,0.3649764
"United Kingdom","Female",85,0.3233563,0.2469661,0.4101005
"United Kingdom","Female",90,0.3547772,0.271129,0.4434188
"United Kingdom","Female",95,0.387663,0.2979517,0.4772816
"United Kingdom","Male",10,0.0444116,0.0325348,0.0576243
"United Kingdom","Male",15,0.0609533,0.0449854,0.0785498
"United Kingdom","Male",20,0.0730386,0.0549205,0.091617
"United Kingdom","Male",25,0.0863297,0.0648729,0.1096876
"United Kingdom","Male",30,0.095924,0.0716905,0.1215688
"United Kingdom","Male",35,0.1053734,0.0799291,0.1331056
"United Kingdom","Male",40,0.1139701,0.0862595,0.1454445
"United Kingdom","Male",45,0.1213446,0.0906175,0.1561668
"United Kingdom","Male",50,0.1321555,0.0978121,0.1713044
"United Kingdom","Male",55,0.1498529,0.1104909,0.1947097
"United Kingdom","Male",60,0.1708236,0.1288778,0.2190503
"United Kingdom","Male",65,0.1949717,0.1477843,0.2474938
"United Kingdom","Male",70,0.2222147,0.1687179,0.2812075
"United Kingdom","Male",75,0.2499431,0.1903402,0.3158285
"United Kingdom","Male",80,0.2790266,0.2122921,0.3517304
"United Kingdom","Male",85,0.3056126,0.2340697,0.3863853
"United Kingdom","Male",90,0.3263028,0.2499311,0.4097143
"United Kingdom","Male",95,0.3512689,0.270602,0.4311625
"United Republic of Tanzania","Female",10,0.0552538,0.0404862,0.0730912
"United Republic of Tanzania","Female",15,0.0653136,0.0500329,0.0837504
"United Republic of Tanzania","Female",20,0.0766359,0.0590739,0.0941975
"United Republic of Tanzania","Female",25,0.0933636,0.0722211,0.1204629
"United Republic of Tanzania","Female",30,0.107884,0.0819532,0.1382999
"United Republic of Tanzania","Female",35,0.1191923,0.0900697,0.154213
"United Republic of Tanzania","Female",40,0.1318765,0.1003874,0.1674903
"United Republic of Tanzania","Female",45,0.1394007,0.1058025,0.1760814
"United Republic of Tanzania","Female",50,0.1463089,0.1111006,0.1885404
"United Republic of Tanzania","Female",55,0.1559715,0.1195476,0.1986786
"United Republic of Tanzania","Female",60,0.1693396,0.129471,0.2166597
"United Republic of Tanzania","Female",65,0.189784,0.1459813,0.2404343
"United Republic of Tanzania","Female",70,0.214804,0.1647933,0.2672735
"United Republic of Tanzania","Female",75,0.2382949,0.1824582,0.2986434
"United Republic of Tanzania","Female",80,0.2665291,0.2051677,0.3329024
"United Republic of Tanzania","Female",85,0.2942161,0.2228924,0.3691272
"United Republic of Tanzania","Female",90,0.3209422,0.2485527,0.398877
"United Republic of Tanzania","Female",95,0.3582549,0.2758336,0.4389091
"United Republic of Tanzania","Male",10,0.0569633,0.0406667,0.0764722
"United Republic of Tanzania","Male",15,0.0586938,0.0434078,0.0761973
"United Republic of Tanzania","Male",20,0.0599176,0.0461857,0.0753947
"United Republic of Tanzania","Male",25,0.0688221,0.0527271,0.0874598
"United Republic of Tanzania","Male",30,0.0776125,0.0603386,0.0964038
"United Republic of Tanzania","Male",35,0.0858813,0.0659483,0.1079011
"United Republic of Tanzania","Male",40,0.0967193,0.0745381,0.1231511
"United Republic of Tanzania","Male",45,0.1104704,0.0833063,0.140492
"United Republic of Tanzania","Male",50,0.1231233,0.0929511,0.1594425
"United Republic of Tanzania","Male",55,0.1403269,0.1066504,0.1791159
"United Republic of Tanzania","Male",60,0.1580558,0.1213089,0.2019251
"United Republic of Tanzania","Male",65,0.1811052,0.1368436,0.2302031
"United Republic of Tanzania","Male",70,0.2107283,0.1604925,0.2663825
"United Republic of Tanzania","Male",75,0.2392353,0.1821394,0.3042307
"United Republic of Tanzania","Male",80,0.270045,0.2051367,0.3416113
"United Republic of Tanzania","Male",85,0.2974089,0.2257498,0.3769464
"United Republic of Tanzania","Male",90,0.3189947,0.2452147,0.3994568
"United Republic of Tanzania","Male",95,0.3478767,0.2660704,0.4298126
"United States of America","Female",10,0.0492765,0.0363834,0.0642018
"United States of America","Female",15,0.0826505,0.061473,0.1068653
"United States of America","Female",20,0.1154453,0.0861991,0.1439194
"United States of America","Female",25,0.1298135,0.0975596,0.1643825
"United States of America","Female",30,0.1349874,0.101291,0.1706965
"United States of America","Female",35,0.1453429,0.1091229,0.1848214
"United States of America","Female",40,0.1583167,0.1191425,0.2006241
"United States of America","Female",45,0.1684383,0.1269302,0.2137891
"United States of America","Female",50,0.1800114,0.1361319,0.2293631
"United States of America","Female",55,0.1974559,0.1482874,0.2526521
"United States of America","Female",60,0.221223,0.1678377,0.2823553
"United States of America","Female",65,0.2518853,0.1930816,0.3145145
"United States of America","Female",70,0.2871159,0.2222403,0.3557952
"United States of America","Female",75,0.3228231,0.2487887,0.4027902
"United States of America","Female",80,0.3597223,0.2801857,0.4478743
"United States of America","Female",85,0.3897529,0.3020814,0.4838642
"United States of America","Female",90,0.4174771,0.3250671,0.5127021
"United States of America","Female",95,0.4593393,0.3621905,0.5559651
"United States of America","Male",10,0.0464511,0.0342907,0.0601498
"United States of America","Male",15,0.0672371,0.0510049,0.0843109
"United States of America","Male",20,0.0950611,0.0713758,0.1174834
"United States of America","Male",25,0.1079801,0.0797903,0.1363145
"United States of America","Male",30,0.1107035,0.0823745,0.1388155
"United States of America","Male",35,0.1173364,0.0891184,0.148076
"United States of America","Male",40,0.1264626,0.0956481,0.1596375
"United States of America","Male",45,0.1382672,0.1043942,0.1763064
"United States of America","Male",50,0.1553095,0.1160141,0.1997183
"United States of America","Male",55,0.1801049,0.1357308,0.2312192
"United States of America","Male",60,0.2098338,0.1589765,0.2679475
"United States of America","Male",65,0.2451462,0.1874979,0.3084595
"United States of America","Male",70,0.2837457,0.2178318,0.3542132
"United States of America","Male",75,0.32239,0.2481627,0.4008389
"United States of America","Male",80,0.3604573,0.279012,0.4476701
"United States of America","Male",85,0.3893674,0.3019335,0.4809001
"United States of America","Male",90,0.4129624,0.3220724,0.507327
"United States of America","Male",95,0.4515218,0.3544852,0.5466538
"Viet Nam","Female",10,0.0413254,0.0298292,0.0560461
"Viet Nam","Female",15,0.0540776,0.0393576,0.0737992
"Viet Nam","Female",20,0.0664259,0.0490173,0.0876247
"Viet Nam","Female",25,0.0796949,0.0587629,0.1034079
"Viet Nam","Female",30,0.0903528,0.0659666,0.1191926
"Viet Nam","Female",35,0.1001463,0.0737613,0.1330317
"Viet Nam","Female",40,0.1104573,0.081212,0.1424914
"Viet Nam","Female",45,0.1194051,0.0875471,0.1535345
"Viet Nam","Female",50,0.1299406,0.0966043,0.1697722
"Viet Nam","Female",55,0.1433112,0.1058693,0.1869108
"Viet Nam","Female",60,0.1651686,0.1236838,0.2142778
"Viet Nam","Female",65,0.1950674,0.1459421,0.2497534
"Viet Nam","Female",70,0.2298402,0.1740799,0.2932616
"Viet Nam","Female",75,0.2638036,0.1973668,0.335031
"Viet Nam","Female",80,0.3023986,0.2285305,0.3791417
"Viet Nam","Female",85,0.334315,0.2535445,0.4195476
"Viet Nam","Female",90,0.3611758,0.2769812,0.4465316
"Viet Nam","Female",95,0.3940255,0.3036569,0.4821075
"Viet Nam","Male",10,0.0373543,0.0267103,0.0493
"Viet Nam","Male",15,0.0460191,0.0334678,0.061112
"Viet Nam","Male",20,0.0567466,0.0421991,0.0734635
"Viet Nam","Male",25,0.0676691,0.0503678,0.0878703
"Viet Nam","Male",30,0.0753656,0.0560242,0.0978516
"Viet Nam","Male",35,0.0824669,0.0618243,0.1063258
"Viet Nam","Male",40,0.0925868,0.0683878,0.1193055
"Viet Nam","Male",45,0.1051271,0.0781,0.135034
"Viet Nam","Male",50,0.12122,0.0897618,0.1574732
"Viet Nam","Male",55,0.1405318,0.1042715,0.1832
"Viet Nam","Male",60,0.1663975,0.1240946,0.2134497
"Viet Nam","Male",65,0.2004103,0.1509326,0.2549341
"Viet Nam","Male",70,0.2368085,0.1788231,0.3000707
"Viet Nam","Male",75,0.2687146,0.2043762,0.339822
"Viet Nam","Male",80,0.2966966,0.2243886,0.3725951
"Viet Nam","Male",85,0.3148528,0.238758,0.3973398
"Viet Nam","Male",90,0.3296058,0.249321,0.4102852
"Viet Nam","Male",95,0.3571529,0.2715037,0.4384226
"Yemen","Female",10,0.0499429,0.0369423,0.0633216
"Yemen","Female",15,0.0762555,0.0575091,0.0972733
"Yemen","Female",20,0.0913453,0.0691659,0.1134143
"Yemen","Female",25,0.1116006,0.0848085,0.1411156
"Yemen","Female",30,0.1279689,0.0963051,0.1623325
"Yemen","Female",35,0.1397032,0.1059287,0.1787073
"Yemen","Female",40,0.151696,0.1162406,0.190064
"Yemen","Female",45,0.1608361,0.1215662,0.2058957
"Yemen","Female",50,0.1635593,0.1242,0.209815
"Yemen","Female",55,0.1669978,0.1269986,0.2131792
"Yemen","Female",60,0.1780918,0.1358043,0.2280695
"Yemen","Female",65,0.2015911,0.1532611,0.2551311
"Yemen","Female",70,0.2327378,0.1773562,0.2923799
"Yemen","Female",75,0.2616829,0.1980884,0.330791
"Yemen","Female",80,0.2961259,0.2247809,0.3717319
"Yemen","Female",85,0.3247558,0.2482457,0.4098317
"Yemen","Female",90,0.3537969,0.2756369,0.4416407
"Yemen","Female",95,0.3926156,0.3040265,0.4790311
"Yemen","Male",10,0.0475,0.0356436,0.0622886
"Yemen","Male",15,0.0537829,0.0409054,0.06839
"Yemen","Male",20,0.0595375,0.0455645,0.0738148
"Yemen","Male",25,0.0695296,0.05364,0.0861729
"Yemen","Male",30,0.0775239,0.0597009,0.0964337
"Yemen","Male",35,0.0853001,0.0650985,0.1078792
"Yemen","Male",40,0.0936226,0.0723471,0.1169566
"Yemen","Male",45,0.1049535,0.0796815,0.132798
"Yemen","Male",50,0.1191035,0.0908123,0.1537633
"Yemen","Male",55,0.1373082,0.1042817,0.177551
"Yemen","Male",60,0.1605421,0.1218874,0.2045916
"Yemen","Male",65,0.1890977,0.1434704,0.2393741
"Yemen","Male",70,0.2194162,0.166018,0.277692
"Yemen","Male",75,0.2474402,0.1854091,0.3157879
"Yemen","Male",80,0.2808941,0.2121277,0.3556707
"Yemen","Male",85,0.3089483,0.2345375,0.3901277
"Yemen","Male",90,0.3389749,0.2603183,0.4210047
"Yemen","Male",95,0.3761295,0.2874987,0.4632081
