"country","sex","age_bands","pr_edu_adv","pr_edu_basic","pr_edu_inter","pr_edu_lt_basic","pr_emp_edu_adv","pr_emp_edu_basic","pr_emp_edu_inter","pr_emp_edu_lt_basic","pr_emp_edu_tot","age_grp_start"
"Afghanistan","Female","Age (10-year bands): 05-15",0,0.406647822781828,0,0.593352177218172,0,0,0,0,0,5
"Afghanistan","Female","Age (10-year bands): 15-24",0.0897190191186915,0.199995003515384,0.116933800147753,0.593352177218172,0.2021,0.1222,0.0977,0.1836,0.156,15
"Afghanistan","Female","Age (10-year bands): 25-34",0.0658093237720995,0.0580667866677725,0.0302102410408265,0.845913648519302,0.3997,0.1419,0.0991,0.2176,0.2117,25
"Afghanistan","Female","Age (10-year bands): 35-44",0.0498370327778177,0.0446245816445471,0.0177779583316406,0.887760427245994,0.6767,0.1638,0.1829,0.236,0.2383,35
"Afghanistan","Female","Age (10-year bands): 45-54",0.0505713087290718,0.0435114388085648,0.0130736460159997,0.892843606446364,0.8753,0.2245,0.2279,0.2005,0.2092,45
"Afghanistan","Female","Age (10-year bands): 55-64",0.0398528510116493,0.03068669527897,0,0.929460453709381,0.7287,0.0834,0.1252,0.1239,0.1252,55
"Afghanistan","Female","Age (10-year bands): 65+",0,0,0,1,0.0311,0.0311,0.0311,0.0313,0.0311,65
"Afghanistan","Male","Age (10-year bands): 05-15",0,0.611029839201726,0,0.388970160798274,0,0,0,0,0,5
"Afghanistan","Male","Age (10-year bands): 15-24",0.0653438162085814,0.331598398262783,0.214087624730361,0.388970160798274,0.3064,0.4344,0.38,0.738,0.4904,15
"Afghanistan","Male","Age (10-year bands): 25-34",0.112695576700809,0.21576227957348,0.138735051697031,0.53280709202868,0.7368,0.8585,0.8341,0.8339,0.8247,25
"Afghanistan","Male","Age (10-year bands): 35-44",0.0759759821927635,0.202918248187008,0.0903133998014417,0.630792369818786,0.961,0.8821,0.9219,0.8586,0.8756,35
"Afghanistan","Male","Age (10-year bands): 45-54",0.0682585730045635,0.201618300347866,0.108482198837067,0.621640927810504,0.9484,0.794,0.8484,0.7669,0.7906,45
"Afghanistan","Male","Age (10-year bands): 55-64",0.0918601040291903,0.164001242139585,0.103092040325174,0.64104661350605,0.8576,0.6091,0.7235,0.5689,0.6077,55
"Afghanistan","Male","Age (10-year bands): 65+",0.0388849467815509,0.142990369994932,0.0805068423720223,0.737617840851495,0.3523,0.3407,0.4021,0.2721,0.2884,65
"Algeria","Female","Age (10-year bands): 05-15",0,0.987341772151899,0,0.0126582278481013,0,0,0,0,0,5
"Algeria","Female","Age (10-year bands): 15-24",0.462025316455696,0.0632911392405063,0.462025316455696,0.0126582278481013,0.251875,0.221853333333333,0.203158333333333,0.327969230769231,0.24308,15
"Algeria","Female","Age (10-year bands): 25-34",0.489010989010989,0.104395604395604,0.370879120879121,0.0357142857142857,0.57786,0.522366666666667,0.5196,0.480084615384615,0.51402,25
"Algeria","Female","Age (10-year bands): 35-44",0.505649717514124,0.132768361581921,0.254237288135593,0.107344632768362,0.798186666666667,0.626513333333333,0.708957142857143,0.553614285714286,0.61474,35
"Algeria","Female","Age (10-year bands): 45-54",0.412037037037037,0.175925925925926,0.231481481481481,0.180555555555556,0.8178,0.633386666666667,0.750057142857143,0.577628571428571,0.603886666666667,45
"Algeria","Female","Age (10-year bands): 55-64",0.142857142857143,0.232142857142857,0.160714285714286,0.464285714285714,0.589391666666667,0.531093333333333,0.609708333333333,0.472692857142857,0.491486666666667,55
"Algeria","Female","Age (10-year bands): 65+",0,0.25,0,0.75,0.255766666666667,0.364853846153846,0.333577777777778,0.263785714285714,0.27406,65
"Algeria","Male","Age (10-year bands): 05-15",0,0.993215739484396,0,0.0067842605156038,0,0,0,0,0,5
"Algeria","Male","Age (10-year bands): 15-24",0.23134328358209,0.135006784260516,0.626865671641791,0.0067842605156038,0.30205,0.273766666666667,0.246423076923077,0.441441666666667,0.297033333333333,15
"Algeria","Male","Age (10-year bands): 25-34",0.265679781846513,0.173743669653292,0.539540319439034,0.0210362290611609,0.674713333333333,0.709813333333333,0.681071428571429,0.685885714285714,0.70106,25
"Algeria","Male","Age (10-year bands): 35-44",0.307030854830551,0.17298937784522,0.458270106221548,0.0617096611026808,0.86552,0.785893333333333,0.850171428571429,0.730276923076923,0.785273333333333,35
"Algeria","Male","Age (10-year bands): 45-54",0.228406909788868,0.301343570057582,0.320537428023033,0.149712092130518,0.892433333333333,0.770793333333333,0.835746153846154,0.710073333333333,0.76946,45
"Algeria","Male","Age (10-year bands): 55-64",0.137223974763407,0.313880126182965,0.162460567823344,0.386435331230284,0.72626,0.631253333333333,0.654938461538461,0.64588,0.65364,55
"Algeria","Male","Age (10-year bands): 65+",0.0273972602739726,0.164383561643836,0.0821917808219178,0.726027397260274,0.430941666666667,0.38082,0.387463636363636,0.42512,0.39812,65
"Argentina","Female","Age (10-year bands): 05-15",0,0.994354792404528,0,0.00564520759547207,0,0,0,0,0,5
"Argentina","Female","Age (10-year bands): 15-24",0.071655344041162,0.247104922996343,0.675594525367023,0.00564520759547207,0.7121,0.1127,0.3192,0.1198,0.2288,15
"Argentina","Female","Age (10-year bands): 25-34",0.293161376136641,0.170503084704137,0.52947148242631,0.00686405673291189,0.852,0.4242,0.598,0.3342,0.6083,25
"Argentina","Female","Age (10-year bands): 35-44",0.373038804507199,0.21943510568543,0.386932274885792,0.0205938149215791,0.89,0.5466,0.6644,0.4185,0.691,35
"Argentina","Female","Age (10-year bands): 45-54",0.351469257528397,0.275388054603641,0.339768130393469,0.0333745574744926,0.8508,0.5759,0.6685,0.5015,0.6828,45
"Argentina","Female","Age (10-year bands): 55-64",0.305106203034673,0.299564261569131,0.33480155384482,0.0605279815513759,0.6347,0.3912,0.4893,0.35,0.4759,55
"Argentina","Female","Age (10-year bands): 65+",0.274736289245893,0.36439995028486,0.241322903845306,0.119540856623941,0.1985,0.09,0.1052,0.081,0.1087,65
"Argentina","Male","Age (10-year bands): 05-15",0,0.980428077067684,0,0.0195719229323164,0,0,0,0,0,5
"Argentina","Male","Age (10-year bands): 15-24",0.0295314861847507,0.437674081349222,0.513222509533711,0.0195719229323164,0.6659,0.2752,0.438,0.5193,0.3478,15
"Argentina","Male","Age (10-year bands): 25-34",0.159563117852904,0.286504474205884,0.532177664825255,0.0217547431159566,0.9356,0.8158,0.8272,0.7444,0.8295,25
"Argentina","Male","Age (10-year bands): 35-44",0.206505110358467,0.333969471155372,0.425622369583571,0.0339030489025901,0.9633,0.8527,0.9152,0.7713,0.8919,35
"Argentina","Male","Age (10-year bands): 45-54",0.22580701408103,0.372526892332329,0.357380143160738,0.0442859504259042,0.9451,0.8467,0.8863,0.7951,0.8775,45
"Argentina","Male","Age (10-year bands): 55-64",0.208984258882947,0.397935166207132,0.315993836491595,0.0770867384183252,0.8578,0.7343,0.7986,0.5959,0.7644,55
"Argentina","Male","Age (10-year bands): 65+",0.248518687613359,0.352274173147019,0.294341449054081,0.104865690185541,0.3992,0.193,0.2814,0.1731,0.2458,65
"Bangladesh","Female","Age (10-year bands): 05-15",0,0.890072347047123,0,0.109927652952877,0,0,0,0,0,5
"Bangladesh","Female","Age (10-year bands): 15-24",0.0281657027319321,0.488250986078442,0.373655658236749,0.109927652952877,0.3167,0.2679,0.1571,0.3062,0.2192,15
"Bangladesh","Female","Age (10-year bands): 25-34",0.0735103609836495,0.459803354630056,0.227514224659349,0.239172059726945,0.4281,0.4273,0.3441,0.4448,0.4093,25
"Bangladesh","Female","Age (10-year bands): 35-44",0.0399616283527536,0.344268646427951,0.121560016077852,0.494209709141443,0.5469,0.4531,0.3564,0.5139,0.4684,35
"Bangladesh","Female","Age (10-year bands): 45-54",0.0283271607445392,0.226012463560316,0.0698902031680603,0.675770172527084,0.5683,0.3571,0.3046,0.4305,0.4029,45
"Bangladesh","Female","Age (10-year bands): 55-64",0.0140045586218506,0.154860708333566,0.0393514215576382,0.791783311486945,0.3627,0.2095,0.1904,0.2738,0.258,55
"Bangladesh","Female","Age (10-year bands): 65+",0.00578202391561146,0.11162345691805,0.026758267188914,0.855836251977425,0.08,0.0911,0.1025,0.0862,0.0871,65
"Bangladesh","Male","Age (10-year bands): 05-15",0,0.835435684023191,0,0.164564315976809,0,0,0,0,0,5
"Bangladesh","Male","Age (10-year bands): 15-24",0.0244472801677297,0.51961962690572,0.291368776949742,0.164564315976809,0.5067,0.6702,0.2733,0.7669,0.49,15
"Bangladesh","Male","Age (10-year bands): 25-34",0.10777647714466,0.424125270100834,0.241945512526408,0.226152740228098,0.7952,0.9636,0.8857,0.9484,0.9222,25
"Bangladesh","Male","Age (10-year bands): 35-44",0.0870791549240617,0.32862216561547,0.198279858754594,0.386018820705874,0.9785,0.9713,0.962,0.9613,0.9662,35
"Bangladesh","Male","Age (10-year bands): 45-54",0.079847403374589,0.266875695007886,0.173902038131086,0.47937486348644,0.9639,0.9484,0.9482,0.9483,0.9495,45
"Bangladesh","Male","Age (10-year bands): 55-64",0.05011789948952,0.238187627047757,0.171221587030911,0.540472886431812,0.7813,0.8562,0.8106,0.8567,0.8442,55
"Bangladesh","Male","Age (10-year bands): 65+",0.0335307854153661,0.198880488312409,0.143656794062565,0.62393193220966,0.3547,0.4835,0.5032,0.4686,0.4711,65
"Brazil","Female","Age (10-year bands): 05-15",0,0.993800243140778,0,0.00619975685922173,0,0,0,0,0,5
"Brazil","Female","Age (10-year bands): 15-24",0.113170801553292,0.20296457991013,0.677664861677357,0.00619975685922173,0.6724,0.1534,0.45,0.1419,0.3372,15
"Brazil","Female","Age (10-year bands): 25-34",0.372815126310462,0.100028517033333,0.510998005711976,0.016158350944228,0.8028,0.4357,0.6129,0.2982,0.6245,25
"Brazil","Female","Age (10-year bands): 35-44",0.356170144932229,0.143001672126926,0.43377264675824,0.0670555361826047,0.8264,0.5661,0.6709,0.4366,0.6604,35
"Brazil","Female","Age (10-year bands): 45-54",0.290450692110334,0.213424930773456,0.364435958494873,0.131688418621337,0.7935,0.5312,0.641,0.4291,0.5996,45
"Brazil","Female","Age (10-year bands): 55-64",0.282461731801958,0.316864134671236,0.296483795531544,0.104190337995262,0.5295,0.3065,0.4368,0.2313,0.362,55
"Brazil","Female","Age (10-year bands): 65+",0.286759967598819,0.39568085788884,0.213369960754974,0.104189213757366,0.1891,0.0828,0.1422,0.046,0.0919,65
"Brazil","Male","Age (10-year bands): 05-15",0,0.978530416290354,0,0.0214695837096456,0,0,0,0,0,5
"Brazil","Male","Age (10-year bands): 15-24",0.0623052087937913,0.295724296981672,0.620500910514891,0.0214695837096456,0.7432,0.303,0.6141,0.3756,0.4668,15
"Brazil","Male","Age (10-year bands): 25-34",0.247653956901166,0.178965486999122,0.52789514709848,0.0454854090012319,0.8866,0.7818,0.8328,0.6402,0.8196,25
"Brazil","Male","Age (10-year bands): 35-44",0.239479295970761,0.201238640739561,0.431316775085853,0.127965288203825,0.9374,0.8295,0.8792,0.7281,0.853,35
"Brazil","Male","Age (10-year bands): 45-54",0.186451405946588,0.264635332589132,0.337818271317026,0.211094990147253,0.899,0.8008,0.8409,0.7102,0.8044,45
"Brazil","Male","Age (10-year bands): 55-64",0.197537763700233,0.370116005860397,0.269397737237174,0.162948493202196,0.7309,0.6037,0.6531,0.542,0.6223,55
"Brazil","Male","Age (10-year bands): 65+",0.259887745548087,0.421518058888342,0.171911740698855,0.146682454864716,0.3868,0.2184,0.2984,0.1474,0.23,65
"China","Female","Age (10-year bands): 05-15",0,0.995584575450239,0,0.0044154245497605,0,0,0,0,0,5
"China","Female","Age (10-year bands): 15-24",0.168866251994556,0.203511954041483,0.6232063694142,0.0044154245497605,0.60204,0.14728,0.30306,0.0131,0.23214,15
"China","Female","Age (10-year bands): 25-34",0.287084410040571,0.182532312670694,0.52844115260433,0.00194212468440474,0.77768,0.40742,0.52746,0.1216,0.54766,25
"China","Female","Age (10-year bands): 35-44",0.304455446688212,0.229991836967347,0.460911848145098,0.00464086819934314,0.82096,0.39228,0.54258,0.511,0.5353,35
"China","Female","Age (10-year bands): 45-54",0.189718632055864,0.37212309512864,0.427371347627535,0.0107869251879609,0.79376,0.39526,0.56168,0.25245,0.49448,45
"China","Female","Age (10-year bands): 55-64",0.187837867723157,0.472940939677986,0.296574953473156,0.0426462391257005,0.60994,0.28912,0.38328,0.14945,0.33972,55
"China","Female","Age (10-year bands): 65+",0.130553376305095,0.663713260824681,0.14323828003815,0.0624950828320745,0.26985,0.13886,0.180425,0.04075,0.13982,65
"China","Male","Age (10-year bands): 05-15",0,0.994377056084394,0,0.00562294391560597,0,0,0,0,0,5
"China","Male","Age (10-year bands): 15-24",0.0962972180806153,0.372329453798801,0.525750384204978,0.00562294391560597,0.6767,0.42658,0.50742,0.027,0.42692,15
"China","Male","Age (10-year bands): 25-34",0.200965875007822,0.304006174972675,0.487628472458446,0.00739947756105749,0.89384,0.7478,0.8013,0.277566666666667,0.7848,25
"China","Male","Age (10-year bands): 35-44",0.207960236301777,0.347739410546519,0.434451357168859,0.00984899598284388,0.92536,0.79314,0.84782,0.8232,0.83262,35
"China","Male","Age (10-year bands): 45-54",0.170467630406352,0.442690330093565,0.367296390608796,0.0195456488912871,0.895,0.77704,0.83818,0.690133333333333,0.81134,45
"China","Male","Age (10-year bands): 55-64",0.127418956646082,0.503527144993033,0.320885704604618,0.048168193756267,0.74982,0.60058,0.69454,0.522225,0.64212,55
"China","Male","Age (10-year bands): 65+",0.126855536158793,0.561942975550598,0.228713098711874,0.0824883895787358,0.464475,0.33528,0.47766,0.2124,0.36052,65
"Colombia","Female","Age (10-year bands): 05-15",0,0.996990738540852,0,0.003009261459148,0,0,0,0,0,5
"Colombia","Female","Age (10-year bands): 15-24",0.395103786817053,0.181948791683414,0.419938160040384,0.003009261459148,0.4155,0.196,0.3559,0.1517,0.3238,15
"Colombia","Female","Age (10-year bands): 25-34",0.462408992351815,0.16461555296945,0.365936851793006,0.00703860288572898,0.7332,0.481,0.6049,0.3251,0.6261,25
"Colombia","Female","Age (10-year bands): 35-44",0.373782766073969,0.27567006601013,0.33691657836151,0.0136305895543911,0.7864,0.5799,0.6549,0.3906,0.6665,35
"Colombia","Female","Age (10-year bands): 45-54",0.267682256414167,0.421471334057847,0.280762158371836,0.0300842511561496,0.7758,0.5661,0.6311,0.4507,0.6244,45
"Colombia","Female","Age (10-year bands): 55-64",0.214796944036677,0.518077440395699,0.211903505029395,0.0552221105382285,0.593,0.4259,0.4727,0.3437,0.4572,55
"Colombia","Female","Age (10-year bands): 65+",0.0903557702733636,0.650133127718275,0.0995698950640338,0.159941206944327,0.172,0.1749,0.1649,0.1595,0.1708,65
"Colombia","Male","Age (10-year bands): 05-15",0,0.991351059564862,0,0.00864894043513773,0,0,0,0,0,5
"Colombia","Male","Age (10-year bands): 15-24",0.231521451634636,0.338981323911282,0.420848284018944,0.00864894043513773,0.4505,0.443,0.5736,0.3666,0.4894,15
"Colombia","Male","Age (10-year bands): 25-34",0.328085999277943,0.274326437451708,0.382754250983093,0.0148333122872561,0.8492,0.9028,0.8954,0.6393,0.8767,25
"Colombia","Male","Age (10-year bands): 35-44",0.265095517261485,0.373200106542561,0.333140302241634,0.0285640739543192,0.9103,0.9218,0.9177,0.7742,0.9123,35
"Colombia","Male","Age (10-year bands): 45-54",0.188643839309787,0.505656896352502,0.254481377344683,0.0512178869930285,0.9027,0.9056,0.8873,0.8379,0.8966,45
"Colombia","Male","Age (10-year bands): 55-64",0.173417412755383,0.549989245748466,0.191581884313092,0.085011457183059,0.8029,0.8094,0.7498,0.8,0.7955,55
"Colombia","Male","Age (10-year bands): 65+",0.106935163378998,0.63340714276011,0.0810676967877462,0.178589997073145,0.3382,0.4125,0.3164,0.4266,0.396,65
"Democratic Republic of the Congo","Female","Age (10-year bands): 05-15",0,0.648309517021897,0,0.351690482978103,0,0,0,0,0,5
"Democratic Republic of the Congo","Female","Age (10-year bands): 15-24",0.0174029073857484,0.305982242639128,0.32492436699702,0.351690482978103,0.1012,0.4497,0.2232,0.6648,0.3663,15
"Democratic Republic of the Congo","Female","Age (10-year bands): 25-34",0.0421322512058825,0.280318002837046,0.311290929585283,0.366258816371788,0.3979,0.7776,0.5942,0.8082,0.6972,25
"Democratic Republic of the Congo","Female","Age (10-year bands): 35-44",0.0441766497221334,0.295409402607867,0.279373543167934,0.381040404502066,0.6241,0.8065,0.6723,0.8266,0.7608,35
"Democratic Republic of the Congo","Female","Age (10-year bands): 45-54",0.0228319808533712,0.296827904715605,0.224258161624472,0.456081952806552,0.7382,0.8095,0.6871,0.8002,0.7732,45
"Democratic Republic of the Congo","Female","Age (10-year bands): 55-64",0.0161395669228106,0.2849095763096,0.134348867339327,0.564601989428262,0.4915,0.7402,0.6261,0.7422,0.7198,55
"Democratic Republic of the Congo","Female","Age (10-year bands): 65+",0.00312249275167238,0.210678818943241,0.0688170481373968,0.71738164016769,0.2183,0.4943,0.5659,0.4609,0.472,65
"Democratic Republic of the Congo","Male","Age (10-year bands): 05-15",0,0.864939949945948,0,0.135060050054052,0,0,0,0,0,5
"Democratic Republic of the Congo","Male","Age (10-year bands): 15-24",0.0290348058307541,0.285825916546961,0.550079227568232,0.135060050054052,0.1882,0.3767,0.228,0.5307,0.2858,15
"Democratic Republic of the Congo","Male","Age (10-year bands): 25-34",0.0973294111112971,0.245960089474781,0.51780485562939,0.138905643784532,0.5412,0.8642,0.7836,0.8461,0.7775,25
"Democratic Republic of the Congo","Male","Age (10-year bands): 35-44",0.121415290673407,0.228967516148523,0.521703672785544,0.127913520392527,0.8006,0.9126,0.8921,0.9028,0.8865,35
"Democratic Republic of the Congo","Male","Age (10-year bands): 45-54",0.120908219628615,0.24923135008442,0.502607954398279,0.127252475888686,0.8551,0.9159,0.8849,0.832,0.8814,45
"Democratic Republic of the Congo","Male","Age (10-year bands): 55-64",0.116220758089039,0.296536808691953,0.440105939847618,0.147136493371389,0.8212,0.87,0.8886,0.7909,0.8621,55
"Democratic Republic of the Congo","Male","Age (10-year bands): 65+",0.0596902111542258,0.39835927366158,0.301603210574185,0.240347304610009,0.6687,0.6623,0.6454,0.6265,0.6446,65
"Egypt","Female","Age (10-year bands): 05-15",0,0.926415298826165,0,0.0735847011738355,0,0,0,0,0,5
"Egypt","Female","Age (10-year bands): 15-24",0,0.00580724738280353,0.920608051443361,0.0735847011738355,0.0455,0.0191,0.1084,0.0189,0.0455,15
"Egypt","Female","Age (10-year bands): 25-34",0,0.00464730420132494,0.900260172325989,0.0950925234726862,0.1461,0.0577,0.1776,0.0969,0.1461,25
"Egypt","Female","Age (10-year bands): 35-44",0,0.00396613826905839,0.774545821813178,0.221488039917764,0.193,0.1643,0.2511,0.1398,0.193,35
"Egypt","Female","Age (10-year bands): 45-54",0,0.00253428117338327,0.667926620424557,0.32953909840206,0.2111,0.1861,0.3563,0.1361,0.2111,45
"Egypt","Female","Age (10-year bands): 55-64",0,0,0.660143266966179,0.339856733033821,0.1456,0.1456,0.3811,0.0766,0.1456,55
"Egypt","Female","Age (10-year bands): 65+",0,0,0.0788462749543422,0.921153725045658,0.0232,0.0232,0.0142,0.0232,0.0232,65
"Egypt","Male","Age (10-year bands): 05-15",0,0.866486789212539,0,0.133513210787461,0,0,0,0,0,5
"Egypt","Male","Age (10-year bands): 15-24",0,0.0194162250244365,0.847070564188103,0.133513210787461,0.3132,0.2291,0.5243,0.1355,0.3132,15
"Egypt","Male","Age (10-year bands): 25-34",0,0.0221092860104456,0.872499960927911,0.105390753061643,0.8705,0.912,0.8681,0.7526,0.8705,25
"Egypt","Male","Age (10-year bands): 35-44",0,0.00957133013850287,0.814461898162843,0.175966771698654,0.9449,0.9043,0.9521,0.9148,0.9449,35
"Egypt","Male","Age (10-year bands): 45-54",0,0.00553810472603415,0.717516693600319,0.276945201673647,0.9169,0.9115,0.9327,0.9055,0.9169,45
"Egypt","Male","Age (10-year bands): 55-64",0,0.00633173388060659,0.528681121987908,0.464987144131486,0.6436,0.7027,0.6213,0.6825,0.6436,55
"Egypt","Male","Age (10-year bands): 65+",0,0,0.180690157940424,0.819309842059576,0.1888,0.1888,0.0995,0.2224,0.1888,65
"Ethiopia","Female","Age (10-year bands): 05-15",0,0.646791918089703,0,0.353208081910297,0,0,0,0,0,5
"Ethiopia","Female","Age (10-year bands): 15-24",0.00624010174544459,0.589976844718091,0.0505749716261674,0.353208081910297,0.6629,0.6307,0.5256,0.7984,0.6767,15
"Ethiopia","Female","Age (10-year bands): 25-34",0.0127313229534384,0.236844747772586,0.0754173959734702,0.675006533300506,0.8816,0.7167,0.7574,0.8311,0.798,25
"Ethiopia","Female","Age (10-year bands): 35-44",0.00382294019016297,0.171032558420768,0.0467849274551305,0.778359573933938,0.9244,0.7515,0.7834,0.8338,0.8166,35
"Ethiopia","Female","Age (10-year bands): 45-54",0.00231668133791026,0.0855270101791463,0.0273999538163896,0.884756354666554,0.9889,0.6589,0.715,0.7795,0.7676,45
"Ethiopia","Female","Age (10-year bands): 55-64",0.000883842085433001,0.0364785733442348,0.0113086183289738,0.951328966241358,0.7944,0.4019,0.4339,0.6481,0.6328,55
"Ethiopia","Female","Age (10-year bands): 65+",0,0.0256844103274481,0.00550979372425148,0.9688057959483,0.3341,0.2934,0.3854,0.3353,0.3341,65
"Ethiopia","Male","Age (10-year bands): 05-15",0,0.774043030032158,0,0.225956969967842,0,0,0,0,0,5
"Ethiopia","Male","Age (10-year bands): 15-24",0.0077068584076588,0.723419052158159,0.0429171194663401,0.225956969967842,0.7105,0.7469,0.553,0.9187,0.77,15
"Ethiopia","Male","Age (10-year bands): 25-34",0.0350122341365254,0.480049809684409,0.114014114647956,0.370923841531109,0.9373,0.9328,0.8918,0.9641,0.9405,25
"Ethiopia","Male","Age (10-year bands): 35-44",0.0172884502430434,0.414917624833458,0.0895374894403048,0.478256435483194,0.9724,0.9693,0.9353,0.9728,0.9685,35
"Ethiopia","Male","Age (10-year bands): 45-54",0.0117580802711249,0.325636278595776,0.0703953011314902,0.592210340001609,0.9835,0.9659,0.9501,0.9606,0.9618,45
"Ethiopia","Male","Age (10-year bands): 55-64",0.00726005745090156,0.218099346348675,0.044457688701447,0.730182907498976,0.9486,0.9048,0.775,0.9032,0.9005,55
"Ethiopia","Male","Age (10-year bands): 65+",0.000886394006779521,0.131097570413633,0.0104365413091596,0.857579494270428,0.4594,0.6853,0.33,0.6754,0.6749,65
"France","Female","Age (10-year bands): 05-15",0,0.995916258252744,0,0.00408374174725637,0,0,0,0,0,5
"France","Female","Age (10-year bands): 15-24",0.371498074194202,0.0992976472973134,0.525120536761228,0.00408374174725637,0.5834,0.0657,0.3399,0.2779,0.2779,15
"France","Female","Age (10-year bands): 25-34",0.591303929322568,0.0621757984018327,0.342372930299564,0.00414734197603551,0.8526,0.3779,0.6735,0.28,0.7334,25
"France","Female","Age (10-year bands): 35-44",0.560680507134257,0.0863781313366757,0.344387975438366,0.00855338609070187,0.8797,0.4906,0.7603,0.3076,0.7806,35
"France","Female","Age (10-year bands): 45-54",0.445086739055029,0.128918777254447,0.416625116431612,0.00936936725891169,0.8918,0.5928,0.7951,0.3313,0.7872,45
"France","Female","Age (10-year bands): 55-64",0.328457756005515,0.215483396880764,0.443800009300646,0.0122588378130746,0.6404,0.3947,0.5275,0.2789,0.5092,55
"France","Female","Age (10-year bands): 65+",0.333965637537066,0.326557866736438,0.339476495726496,0,0.0512,0.0148,0.0275,0.0237,0.0237,65
"France","Male","Age (10-year bands): 05-15",0,0.994636070053828,0,0.00536392994617204,0,0,0,0,0,5
"France","Male","Age (10-year bands): 15-24",0.243706764642666,0.192116417695242,0.55881288771592,0.00536392994617204,0.6023,0.1179,0.4061,0.2928,0.314,15
"France","Male","Age (10-year bands): 25-34",0.472662358031757,0.107594447943182,0.413315860932782,0.00642733309227966,0.8853,0.6518,0.8276,0.4368,0.8261,25
"France","Male","Age (10-year bands): 35-44",0.441911080920659,0.120170266190805,0.426210207290488,0.0117084455980477,0.9303,0.7208,0.872,0.6419,0.8726,35
"France","Male","Age (10-year bands): 45-54",0.359112620507204,0.166289317643396,0.460542194737696,0.014055867111703,0.9253,0.7391,0.8582,0.7406,0.8552,45
"France","Male","Age (10-year bands): 55-64",0.325075114670739,0.200074172859598,0.462186492000465,0.0126642204691978,0.7084,0.4413,0.5442,0.4489,0.555,55
"France","Male","Age (10-year bands): 65+",0.448858541432947,0.190730913904406,0.323521305544449,0.0368892391181985,0.1042,0.0192,0.0387,0.032,0.0444,65
"Germany","Female","Age (10-year bands): 05-15",0,1,0,0,0,0,0,0,0,5
"Germany","Female","Age (10-year bands): 15-24",0.139657075767502,0.296686762074776,0.563656162157722,0,0.7617,0.2695,0.6531,0.4612,0.4612,15
"Germany","Female","Age (10-year bands): 25-34",0.48649679106229,0.0833767293582338,0.430126479579477,0,0.8499,0.4526,0.8,0.7728,0.7728,25
"Germany","Female","Age (10-year bands): 35-44",0.412067716715148,0.110036634472736,0.477895648812116,0,0.8686,0.5693,0.8492,0.8153,0.8153,35
"Germany","Female","Age (10-year bands): 45-54",0.299343869627726,0.141465989448541,0.559190140923733,0,0.9085,0.6262,0.863,0.8395,0.8395,45
"Germany","Female","Age (10-year bands): 55-64",0.290388568291279,0.149770230496629,0.559841201212091,0,0.7964,0.499,0.691,0.6838,0.6838,55
"Germany","Female","Age (10-year bands): 65+",0.290310400398608,0.227586086089983,0.482103513511409,0,0.1003,0.0292,0.0582,0.0546,0.0546,65
"Germany","Male","Age (10-year bands): 05-15",0,1,0,0,0,0,0,0,0,5
"Germany","Male","Age (10-year bands): 15-24",0.0868034417726469,0.41636851076148,0.496828047465873,0,0.7459,0.3681,0.6715,0.5064,0.5064,15
"Germany","Male","Age (10-year bands): 25-34",0.467599453201201,0.135369971488466,0.397030575310333,0,0.9192,0.7058,0.8814,0.8692,0.8692,25
"Germany","Male","Age (10-year bands): 35-44",0.466456085577253,0.142717898067313,0.390826016355434,0,0.9611,0.7461,0.9216,0.9114,0.9114,35
"Germany","Male","Age (10-year bands): 45-54",0.418569074333149,0.150081469384418,0.431349456282432,0,0.9581,0.7724,0.9045,0.9057,0.9057,45
"Germany","Male","Age (10-year bands): 55-64",0.433527894609496,0.131659056159877,0.434813049230627,0,0.8599,0.6142,0.7516,0.7709,0.7709,55
"Germany","Male","Age (10-year bands): 65+",0.521562170043743,0.132453868972799,0.345983960983458,0,0.1521,0.0665,0.0877,0.1066,0.1066,65
"India","Female","Age (10-year bands): 05-15",0,0.872977787188937,0,0.127022212811063,0,0,0,0,0,5
"India","Female","Age (10-year bands): 15-24",0.278404809786382,0.436089937126526,0.158483040276029,0.127022212811063,0.1222,0.0716,0.0454,0.14,0.077,15
"India","Female","Age (10-year bands): 25-34",0.229990908067441,0.413019023955633,0.0937986708049171,0.263191397172009,0.2496,0.2081,0.1704,0.2536,0.2221,25
"India","Female","Age (10-year bands): 35-44",0.0918309596420755,0.379190982274102,0.0558509254253427,0.47312713265848,0.3603,0.289,0.2558,0.364,0.3243,35
"India","Female","Age (10-year bands): 45-54",0.0689491166835926,0.255354574416146,0.0369691850723118,0.63872712382795,0.3484,0.2398,0.2757,0.3411,0.3059,45
"India","Female","Age (10-year bands): 55-64",0.0336536758748724,0.165410399998312,0.0170156415553599,0.783920282571455,0.1758,0.1401,0.1446,0.23,0.2041,55
"India","Female","Age (10-year bands): 65+",0.0105107505906461,0.169278897955198,0.00691890592002006,0.813291445534136,0.0322,0.0678,0.0316,0.0747,0.0718,65
"India","Male","Age (10-year bands): 05-15",0,0.895051007991787,0,0.104948992008213,0,0,0,0,0,5
"India","Male","Age (10-year bands): 15-24",0.124674332816988,0.594785032439001,0.175591642735798,0.104948992008213,0.3092,0.3482,0.203,0.6987,0.3262,15
"India","Male","Age (10-year bands): 25-34",0.209079336623396,0.512227852932349,0.150416521444969,0.128276288999286,0.7663,0.9455,0.8622,0.9182,0.8897,25
"India","Male","Age (10-year bands): 35-44",0.131587253167532,0.532379086336665,0.112125077430578,0.223908583065225,0.968,0.9748,0.9633,0.9573,0.9685,35
"India","Male","Age (10-year bands): 45-54",0.117391455439922,0.476038905006947,0.0915702255382702,0.314999414014861,0.9616,0.9592,0.9612,0.9459,0.9554,45
"India","Male","Age (10-year bands): 55-64",0.0824228143016929,0.412901664790905,0.0613774464561552,0.443298074451247,0.6821,0.7881,0.701,0.7984,0.7765,55
"India","Male","Age (10-year bands): 65+",0.0574289897794045,0.364672142819998,0.0438772511754593,0.534021616225138,0.2047,0.353,0.2669,0.3279,0.322,65
"Indonesia","Female","Age (10-year bands): 05-15",0,0.979021689355542,0,0.0209783106444581,0,0,0,0,0,5
"Indonesia","Female","Age (10-year bands): 15-24",0.143110867597899,0.263906693293163,0.572004128464479,0.0209783106444581,0.6762,0.208,0.4609,0.3471,0.3462,15
"Indonesia","Female","Age (10-year bands): 25-34",0.289354236506153,0.344885810726248,0.32431556354352,0.041444389224079,0.7686,0.483,0.526,0.5279,0.5562,25
"Indonesia","Female","Age (10-year bands): 35-44",0.16173504961137,0.502143009335277,0.252030874894153,0.0840910661592007,0.7988,0.6092,0.5757,0.6522,0.6281,35
"Indonesia","Female","Age (10-year bands): 45-54",0.114377407070333,0.511443453541185,0.192851537812315,0.181327601576167,0.8157,0.6465,0.5976,0.6691,0.6571,45
"Indonesia","Female","Age (10-year bands): 55-64",0.0754405877810977,0.466271696059049,0.0714818935885482,0.386805822571305,0.6432,0.5545,0.4222,0.5962,0.5663,55
"Indonesia","Female","Age (10-year bands): 65+",0.01739066595843,0.36661016053919,0.0373139757492045,0.578685197753176,0.2453,0.3143,0.2281,0.3276,0.3161,65
"Indonesia","Male","Age (10-year bands): 05-15",0,0.961821836205779,0,0.0381781637942207,0,0,0,0,0,5
"Indonesia","Male","Age (10-year bands): 15-24",0.0529196291010463,0.372944358285033,0.5359578488197,0.0381781637942207,0.6811,0.3742,0.591,0.6414,0.4822,15
"Indonesia","Male","Age (10-year bands): 25-34",0.158245269230481,0.380943135988268,0.412099995261125,0.0487115995201265,0.9072,0.9221,0.9077,0.869,0.9104,25
"Indonesia","Male","Age (10-year bands): 35-44",0.115402351100943,0.479839737267937,0.334057795688723,0.0707001159423967,0.9711,0.9592,0.9565,0.9244,0.9564,35
"Indonesia","Male","Age (10-year bands): 45-54",0.106862040973363,0.484561914211108,0.297194176546226,0.111381868269303,0.9628,0.9479,0.9401,0.9325,0.945,45
"Indonesia","Male","Age (10-year bands): 55-64",0.0859040216029535,0.502741515229928,0.151614610688235,0.259739852478883,0.7201,0.8693,0.7242,0.8674,0.8305,55
"Indonesia","Male","Age (10-year bands): 65+",0.0387522806580497,0.495079837065743,0.0834386678012497,0.382729214474958,0.3405,0.6324,0.3995,0.6014,0.5756,65
"Iran (Islamic Republic of)","Female","Age (10-year bands): 05-15",0,0.987091979669378,0,0.0129080203306221,0,0,0,0,0,5
"Iran (Islamic Republic of)","Female","Age (10-year bands): 15-24",0.479209586472865,0.234080167663475,0.273802225533037,0.0129080203306221,0.0985,0.0819,0.0419,0.0838,0.0678,15
"Iran (Islamic Republic of)","Female","Age (10-year bands): 25-34",0.633556157300567,0.192267973529326,0.156787795482662,0.0173880736874445,0.2739,0.1287,0.1041,0.1304,0.1737,25
"Iran (Islamic Republic of)","Female","Age (10-year bands): 35-44",0.476178058304826,0.290360015537627,0.18414448057252,0.0493174455850268,0.4191,0.1498,0.1376,0.1683,0.21,35
"Iran (Islamic Republic of)","Female","Age (10-year bands): 45-54",0.332416502946955,0.36380622795792,0.111036210594618,0.192741058500508,0.5235,0.1118,0.1101,0.1592,0.1644,45
"Iran (Islamic Republic of)","Female","Age (10-year bands): 55-64",0.118974897879625,0.281920032542924,0.0785708232342921,0.520534246343158,0.1799,0.0618,0.0448,0.104,0.0836,55
"Iran (Islamic Republic of)","Female","Age (10-year bands): 65+",0.0279652979245704,0.133745257754965,0.0106003124302611,0.827689131890203,0.0269,0.0164,0.0058,0.0304,0.0261,65
"Iran (Islamic Republic of)","Male","Age (10-year bands): 05-15",0,0.983223407470236,0,0.0167765925297637,0,0,0,0,0,5
"Iran (Islamic Republic of)","Male","Age (10-year bands): 15-24",0.18749094428302,0.416740530652366,0.378991932534851,0.0167765925297637,0.2218,0.4947,0.245,0.4123,0.3111,15
"Iran (Islamic Republic of)","Male","Age (10-year bands): 25-34",0.332971857026092,0.376899748761148,0.273213957177801,0.0169144370349593,0.7109,0.8322,0.8309,0.6195,0.7854,25
"Iran (Islamic Republic of)","Male","Age (10-year bands): 35-44",0.245749751201561,0.456155003355886,0.271522029269497,0.0265732161730557,0.9131,0.8651,0.9014,0.735,0.8821,35
"Iran (Islamic Republic of)","Male","Age (10-year bands): 45-54",0.192810285859594,0.535581618311587,0.200739157477312,0.0708689383515075,0.7902,0.7897,0.7704,0.7408,0.7823,45
"Iran (Islamic Republic of)","Male","Age (10-year bands): 55-64",0.0968885969327172,0.524613103603044,0.177530050787301,0.200968248676937,0.3224,0.5379,0.4243,0.5451,0.4848,55
"Iran (Islamic Republic of)","Male","Age (10-year bands): 65+",0.0552816602465255,0.416141636672004,0.0491056884885652,0.479471014592905,0.1198,0.2186,0.0981,0.2192,0.1982,65
"Iraq","Female","Age (10-year bands): 05-15",0,0.614717406362104,0,0.385282593637896,0,0,0,0,0,5
"Iraq","Female","Age (10-year bands): 15-24",0.37499612318953,0.209016944246296,0.0307043389262786,0.385282593637896,0.0861,0.0197,0.0355,0.0523,0.0402,15
"Iraq","Female","Age (10-year bands): 25-34",0.564221565418468,0.205579575031687,0.0338823887029754,0.19631647084687,0.48,0.0682,0.1326,0.0654,0.1284,25
"Iraq","Female","Age (10-year bands): 35-44",0.454049040854761,0.238869908927732,0.0863908946659474,0.22069015555156,0.6655,0.0883,0.2369,0.0842,0.1589,35
"Iraq","Female","Age (10-year bands): 45-54",0.381377720169573,0.18036216167657,0.1277961011794,0.310464016974457,0.6646,0.1229,0.3662,0.0996,0.1834,45
"Iraq","Female","Age (10-year bands): 55-64",0.305935761673275,0.144667751268887,0.0450661964558836,0.504330290601954,0.4784,0.1196,0.2448,0.0781,0.1178,55
"Iraq","Female","Age (10-year bands): 65+",0,0,0,1,0.0191,0.0191,0.0191,0.0172,0.0191,65
"Iraq","Male","Age (10-year bands): 05-15",0,0.562734593462035,0,0.437265406537965,0,0,0,0,0,5
"Iraq","Male","Age (10-year bands): 15-24",0.0628015534722367,0.475081005605967,0.0248520343838319,0.437265406537965,0.311,0.3809,0.3868,0.6407,0.4536,15
"Iraq","Male","Age (10-year bands): 25-34",0.199343319109518,0.426256036263136,0.0629142812670838,0.311486363360262,0.8254,0.891,0.9044,0.8656,0.8697,25
"Iraq","Male","Age (10-year bands): 35-44",0.20279194854991,0.458991690345356,0.103875155414693,0.234341205690041,0.9399,0.9016,0.9291,0.8661,0.9032,35
"Iraq","Male","Age (10-year bands): 45-54",0.26442440012259,0.401473477996983,0.143763858925899,0.190338262954528,0.9158,0.8118,0.8473,0.7428,0.8274,45
"Iraq","Male","Age (10-year bands): 55-64",0.219643926064322,0.357608971684594,0.0645349997279109,0.358212102523173,0.7439,0.5374,0.6325,0.5203,0.572,55
"Iraq","Male","Age (10-year bands): 65+",0.101447466932868,0.195168071259911,0.0931446891017642,0.610239772705458,0.1697,0.1672,0.3165,0.1894,0.1899,65
"Italy","Female","Age (10-year bands): 05-15",0,1,0,0,0,0,0,0,0,5
"Italy","Female","Age (10-year bands): 15-24",0.120405966767372,0.174592145015106,0.705001888217523,0,0.2863,0.0504,0.2442,0.1515,0.1515,15
"Italy","Female","Age (10-year bands): 25-34",0.418593843045567,0.133134257315712,0.44677755272348,0.00149434691524101,0.6693,0.3464,0.535,0.2295,0.5407,25
"Italy","Female","Age (10-year bands): 35-44",0.372635983638239,0.183492289945217,0.440524086739422,0.00334763967712234,0.818,0.3967,0.6432,0.275,0.6237,35
"Italy","Female","Age (10-year bands): 45-54",0.248913540678617,0.275408023112482,0.471765835485228,0.00391260072367345,0.8593,0.4442,0.6913,0.2801,0.6227,45
"Italy","Female","Age (10-year bands): 55-64",0.217767223913929,0.307639984299231,0.468976109963893,0.00561668182294701,0.7858,0.2831,0.5512,0.1084,0.4463,55
"Italy","Female","Age (10-year bands): 65+",0.248580175510311,0.442532984284087,0.29907635307317,0.00981048713243288,0.1147,0.0181,0.052,0.0019,0.028,65
"Italy","Male","Age (10-year bands): 05-15",0,0.997414562142476,0,0.00258543785752387,0,0,0,0,0,5
"Italy","Male","Age (10-year bands): 15-24",0.0369732558353413,0.276056707193702,0.684384599113433,0.00258543785752387,0.2221,0.1009,0.3519,0.2155,0.2155,15
"Italy","Male","Age (10-year bands): 25-34",0.222815765395173,0.241356097711004,0.530565444382079,0.00526269251174485,0.6916,0.6666,0.7371,0.5973,0.7078,25
"Italy","Male","Age (10-year bands): 35-44",0.207079385550494,0.3173636658431,0.468140283769782,0.00741666483662375,0.9274,0.7683,0.8793,0.5795,0.8471,35
"Italy","Male","Age (10-year bands): 45-54",0.162911817961263,0.412145111296582,0.419964395210355,0.0049786755318003,0.951,0.7726,0.894,0.4935,0.8451,45
"Italy","Male","Age (10-year bands): 55-64",0.16983183861731,0.413785494946117,0.408681204464738,0.00770146197183402,0.8788,0.5343,0.7243,0.3624,0.6463,55
"Italy","Male","Age (10-year bands): 65+",0.293136327494554,0.375520652644689,0.321471898224663,0.0098711216360937,0.2211,0.0502,0.1034,0.0117,0.0775,65
"Japan","Female","Age (10-year bands): 05-15",0,0.992313809551239,0,0.00768619044876086,0,0,0,0,0,5
"Japan","Female","Age (10-year bands): 15-24",0.460340582585656,0.034747592716693,0.497225634248891,0.00768619044876086,0.496625,0.143433333333333,0.27986,0.27514,0.27514,15
"Japan","Female","Age (10-year bands): 25-34",0.552373661156734,0.0307408070715796,0.414566540770333,0.00231899100135332,0.80995,0.540866666666667,0.64464,0.2678,0.69732,25
"Japan","Female","Age (10-year bands): 35-44",0.429557394924567,0.0875903874578339,0.47460287799555,0.00824933962204938,0.76385,0.6127,0.67872,0.5009,0.69392,35
"Japan","Female","Age (10-year bands): 45-54",0.328951214177986,0.116631743365003,0.543748860117781,0.0106681823392298,0.815875,0.5897,0.66978,0.2353,0.68006,45
"Japan","Female","Age (10-year bands): 55-64",0.227230875802776,0.222253200985477,0.516687441951299,0.0338284812604484,0.531125,0.431166666666667,0.46738,0.31845,0.44704,55
"Japan","Female","Age (10-year bands): 65+",0.143314819775677,0.357404730715604,0.307980959152635,0.191299490356084,0.266533333333333,0.177133333333333,0.190875,0.1312,0.16176,65
"Japan","Male","Age (10-year bands): 05-15",0,0.987282503386936,0,0.0127174966130639,0,0,0,0,0,5
"Japan","Male","Age (10-year bands): 15-24",0.359897221703854,0.0356484665334252,0.591736815149657,0.0127174966130639,0.468925,0.170166666666667,0.454,0.5839,0.3573,15
"Japan","Male","Age (10-year bands): 25-34",0.461199225631188,0.0675695466844475,0.463242547729618,0.00798867995474621,0.8628,0.82872,0.8575,0.829,0.8531,25
"Japan","Male","Age (10-year bands): 35-44",0.441495711400018,0.0885523008267223,0.45647229338362,0.01347969438964,0.94285,0.804675,0.9015,0.833,0.90562,35
"Japan","Male","Age (10-year bands): 45-54",0.328445786046844,0.140549359850773,0.514441147833007,0.0165637062693752,0.93925,0.8481,0.8815,0.54805,0.8855,45
"Japan","Male","Age (10-year bands): 55-64",0.215438203895749,0.221839460972173,0.493634867156429,0.06908746797565,0.66285,0.689675,0.65418,0.57215,0.6614,55
"Japan","Male","Age (10-year bands): 65+",0.273409839765891,0.306510014586728,0.319327834805068,0.100752310842313,0.295925,0.257433333333333,0.336625,0.16965,0.26274,65
"Kenya","Female","Age (10-year bands): 05-15",0,0.927700485713209,0,0.0722995142867914,0,0,0,0,0,5
"Kenya","Female","Age (10-year bands): 15-24",0.0277299659524868,0.612206302343648,0.287764217417074,0.0722995142867914,0.3859,0.2915,0.3258,0.3022,0.3025,15
"Kenya","Female","Age (10-year bands): 25-34",0.0547838709748261,0.588866586289465,0.233613994710331,0.122735548025378,0.6582,0.7255,0.6688,0.5842,0.687,25
"Kenya","Female","Age (10-year bands): 35-44",0.0351197231005394,0.629350713783134,0.173135212709454,0.162394350406872,0.9649,0.8241,0.8147,0.628,0.7857,35
"Kenya","Female","Age (10-year bands): 45-54",0.0382533073565344,0.594296899147829,0.143719484137696,0.223730309357941,0.8492,0.8658,0.8715,0.6988,0.8213,45
"Kenya","Female","Age (10-year bands): 55-64",0.0173039930929833,0.431485456418204,0.107574285318528,0.443636265170285,0.8082,0.8327,0.8461,0.7413,0.791,55
"Kenya","Female","Age (10-year bands): 65+",0,0.190347899304677,0.0118088800159475,0.797843220679375,0.5409,0.7023,0.5288,0.5143,0.5409,65
"Kenya","Male","Age (10-year bands): 05-15",0,0.891263188878446,0,0.108736811121554,0,0,0,0,0,5
"Kenya","Male","Age (10-year bands): 15-24",0.0296081822515827,0.539654966215829,0.322000040411035,0.108736811121554,0.3636,0.312,0.4328,0.4411,0.3541,15
"Kenya","Male","Age (10-year bands): 25-34",0.0751163782137234,0.478778596035233,0.365392179108993,0.0807128466420502,0.7994,0.8636,0.8634,0.7889,0.852,25
"Kenya","Male","Age (10-year bands): 35-44",0.0533383899637105,0.559055359316302,0.240708980998374,0.146897269721614,0.8598,0.9161,0.9286,0.8482,0.9037,35
"Kenya","Male","Age (10-year bands): 45-54",0.0492240662033471,0.527712880655479,0.25037925363422,0.172683799506953,0.961,0.9044,0.9388,0.8657,0.908,45
"Kenya","Male","Age (10-year bands): 55-64",0.0477124817678275,0.477383096360973,0.208799294438699,0.2661051274325,0.9436,0.8811,0.8916,0.8148,0.866,55
"Kenya","Male","Age (10-year bands): 65+",0.0198849123209827,0.388145395057831,0.0956117441092902,0.496357948511896,0.6744,0.7474,0.7238,0.6215,0.6766,65
"Mexico","Female","Age (10-year bands): 05-15",0,0.978195613648285,0,0.0218043863517152,0,0,0,0,0,5
"Mexico","Female","Age (10-year bands): 15-24",0.109620012884319,0.462758334105033,0.405817266658933,0.0218043863517152,0.5926,0.2357,0.3696,0.24,0.2976,15
"Mexico","Female","Age (10-year bands): 25-34",0.3367936028546,0.342753977898777,0.29448981404658,0.0259626052000431,0.7507,0.4499,0.5536,0.3267,0.5453,25
"Mexico","Female","Age (10-year bands): 35-44",0.256462791116339,0.45819502880311,0.236701274664349,0.048640905416202,0.7651,0.5255,0.6204,0.4102,0.5796,35
"Mexico","Female","Age (10-year bands): 45-54",0.203124317662969,0.464399583424312,0.224691597951874,0.107784500960845,0.7315,0.5099,0.5954,0.4268,0.5469,45
"Mexico","Female","Age (10-year bands): 55-64",0.189651527082672,0.438092119234795,0.171559295085634,0.200697058596899,0.4463,0.4025,0.4196,0.3371,0.3935,55
"Mexico","Female","Age (10-year bands): 65+",0.0633907988315464,0.39814721915655,0.0981906959633457,0.440271286048558,0.1655,0.1689,0.1394,0.1527,0.1576,65
"Mexico","Male","Age (10-year bands): 05-15",0,0.966811617202443,0,0.0331883827975571,0,0,0,0,0,5
"Mexico","Male","Age (10-year bands): 15-24",0.0576030700897535,0.572859171076507,0.336349376036182,0.0331883827975571,0.6367,0.5095,0.5625,0.6401,0.5341,15
"Mexico","Male","Age (10-year bands): 25-34",0.236992906465508,0.434026692867838,0.290367187614346,0.0386132130523071,0.8747,0.9205,0.8985,0.8261,0.9,25
"Mexico","Male","Age (10-year bands): 35-44",0.191577966430673,0.506301869990597,0.224540389302161,0.077579774276568,0.9481,0.9261,0.9352,0.8587,0.9259,35
"Mexico","Male","Age (10-year bands): 45-54",0.160525680661928,0.531280126371198,0.195811456597251,0.112382736369624,0.9238,0.9144,0.9192,0.8681,0.9112,45
"Mexico","Male","Age (10-year bands): 55-64",0.164380906749779,0.456453979189255,0.157950555217058,0.221214558843909,0.7044,0.7586,0.7455,0.7887,0.7537,55
"Mexico","Male","Age (10-year bands): 65+",0.107560924383255,0.379630542452577,0.0766711744245108,0.436137358739657,0.3381,0.4041,0.3336,0.435,0.4048,65
"Morocco","Female","Age (10-year bands): 05-15",0,0.748360845309301,0,0.251639154690699,0,0,0,0,0,5
"Morocco","Female","Age (10-year bands): 15-24",0,0.556504064276299,0.191856781033001,0.251639154690699,0.134433333333333,0.09085,0.092475,0.10455,0.09165,15
"Morocco","Female","Age (10-year bands): 25-34",0,0.260696189602382,0.335955941133614,0.403347869264005,0.380066666666667,0.140225,0.2138,0.152725,0.201925,25
"Morocco","Female","Age (10-year bands): 35-44",0,0.196834426311353,0.220585773567063,0.582579800121583,0.599366666666667,0.227425,0.3391,0.19105,0.2423,35
"Morocco","Female","Age (10-year bands): 45-54",0,0.0878039004927993,0.224758382598082,0.687437716909119,0.645166666666667,0.1998,0.39945,0.1831,0.222825,45
"Morocco","Female","Age (10-year bands): 55-64",0,0.0819598339197039,0.0967925472727469,0.821247618807549,0.557533333333333,0.0879666666666667,0.4028,0.12345,0.142425,55
"Morocco","Female","Age (10-year bands): 65+",0,0.0146892784234116,0.00816577899934993,0.977144942577238,0.0547,0.02765,0.0222,0.046175,0.045025,65
"Morocco","Male","Age (10-year bands): 05-15",0,0.902494719637755,0,0.0975052803622452,0,0,0,0,0,5
"Morocco","Male","Age (10-year bands): 15-24",0,0.792827405177416,0.109667314460339,0.0975052803622452,0.234533333333333,0.304725,0.315025,0.3142,0.299925,15
"Morocco","Male","Age (10-year bands): 25-34",0,0.587058301142254,0.244709407861084,0.168232290996662,0.7169,0.75135,0.765325,0.612475,0.730325,25
"Morocco","Male","Age (10-year bands): 35-44",0,0.516356059626339,0.252870781661854,0.230773158711807,0.9351,0.86315,0.896575,0.78505,0.857775,35
"Morocco","Male","Age (10-year bands): 45-54",0,0.358671505671137,0.279139838738829,0.362188655590034,0.97,0.885725,0.87255,0.8016,0.85025,45
"Morocco","Male","Age (10-year bands): 55-64",0,0.339024663247843,0.173374708756882,0.487600627995275,0.719066666666667,0.64545,0.687075,0.605525,0.6062,55
"Morocco","Male","Age (10-year bands): 65+",0,0.12048351854297,0.0221058953313542,0.857410586125676,0.1567,0.2533,0.227925,0.2301,0.218375,65
"Mozambique","Female","Age (10-year bands): 05-15",0,0.416083114098114,0,0.583916885901886,0,0,0,0,0,5
"Mozambique","Female","Age (10-year bands): 15-24",0.00685133088674198,0.348582616673667,0.0606491665377048,0.583916885901886,0.2061,0.4716,0.2588,0.7589,0.5859,15
"Mozambique","Female","Age (10-year bands): 25-34",0.0209933095179349,0.194701967809877,0.0652127115583352,0.719092011113853,0.6891,0.7079,0.5844,0.8638,0.8068,25
"Mozambique","Female","Age (10-year bands): 35-44",0.0174733898758649,0.143646428955019,0.0265855483405877,0.812294632828528,0.8417,0.8129,0.7474,0.9027,0.8836,35
"Mozambique","Female","Age (10-year bands): 45-54",0.0131342732474432,0.0838110747839314,0.0132458725480876,0.889808779420538,0.938,0.8292,0.765,0.9141,0.904,45
"Mozambique","Female","Age (10-year bands): 55-64",0.00312511280832126,0.0347140212363276,0.0116031416150542,0.950557724340297,0.5946,0.7287,0.8896,0.8371,0.8318,55
"Mozambique","Female","Age (10-year bands): 65+",0,0.00967066224377866,0,0.990329337756221,0.7006,0.5647,0.7006,0.7017,0.7006,65
"Mozambique","Male","Age (10-year bands): 05-15",0,0.613923441540885,0,0.386076558459116,0,0,0,0,0,5
"Mozambique","Male","Age (10-year bands): 15-24",0.0120524809932833,0.503160530186959,0.0987104303606426,0.386076558459116,0.3377,0.556,0.3793,0.6754,0.5719,15
"Mozambique","Male","Age (10-year bands): 25-34",0.0483346796638473,0.345720705431935,0.12142430454675,0.484520310357468,0.847,0.8716,0.8012,0.893,0.8712,25
"Mozambique","Male","Age (10-year bands): 35-44",0.0360798721292306,0.300297662016914,0.0538412940259735,0.609781171827882,0.9259,0.911,0.8842,0.922,0.915,35
"Mozambique","Male","Age (10-year bands): 45-54",0.0383649321945862,0.260277436326276,0.0526525831250352,0.648705048354102,0.9568,0.9106,0.91,0.9221,0.9192,45
"Mozambique","Male","Age (10-year bands): 55-64",0.015871195734323,0.151956926252365,0.031314989810119,0.800856888203193,0.7412,0.8764,0.766,0.9002,0.8885,55
"Mozambique","Male","Age (10-year bands): 65+",0.00599559209083218,0.0856965784736657,0.00987079185685785,0.898437037578644,0.6309,0.7431,0.522,0.8021,0.7915,65
"Nigeria","Female","Age (10-year bands): 05-15",0,0.636457889641271,0,0.363542110358729,0,0,0,0,0,5
"Nigeria","Female","Age (10-year bands): 15-24",0.0622913879264336,0.120733112099373,0.453433389615465,0.363542110358729,0.1648,0.1338,0.3106,0.2492,0.2409,15
"Nigeria","Female","Age (10-year bands): 25-34",0.169678793097231,0.0969678793097231,0.266670419255,0.466682908338046,0.5919,0.627,0.5787,0.4576,0.5165,25
"Nigeria","Female","Age (10-year bands): 35-44",0.150454809770532,0.0668247820099667,0.249528727486492,0.533191680733009,0.8139,0.6839,0.7656,0.5238,0.6133,35
"Nigeria","Female","Age (10-year bands): 45-54",0.153899167334963,0.0489517567879555,0.161431985171796,0.635717090705286,0.9408,0.7841,0.8303,0.519,0.606,45
"Nigeria","Female","Age (10-year bands): 55-64",0.0812993693423864,0.0230353270535427,0.0427625534468701,0.852902750157201,0.5533,0.6647,0.6704,0.5121,0.5245,55
"Nigeria","Female","Age (10-year bands): 65+",0.0118377972971024,0.00934529733316026,0.00327495564882524,0.975541949720912,0.283,0.3918,0.0569,0.3335,0.3279,65
"Nigeria","Male","Age (10-year bands): 05-15",0,0.628938189169231,0,0.371061810830769,0,0,0,0,0,5
"Nigeria","Male","Age (10-year bands): 15-24",0.0634596467149155,0.142296473554992,0.423182068899323,0.371061810830769,0.3348,0.1479,0.377,0.2794,0.2772,15
"Nigeria","Male","Age (10-year bands): 25-34",0.217748883160619,0.0823272849188736,0.435733544943511,0.264190286976996,0.5908,0.6816,0.7209,0.6808,0.6798,25
"Nigeria","Male","Age (10-year bands): 35-44",0.207748511069302,0.0641343773348248,0.289576485109264,0.438540626486609,0.8958,0.7515,0.8608,0.7425,0.8027,35
"Nigeria","Male","Age (10-year bands): 45-54",0.207330250444226,0.0452188050515912,0.230340862293807,0.517110082210376,0.8835,0.7868,0.7656,0.7334,0.7698,45
"Nigeria","Male","Age (10-year bands): 55-64",0.170337610283368,0.0340453707365757,0.1679452677128,0.627671751267257,0.6266,0.418,0.7846,0.6246,0.6367,55
"Nigeria","Male","Age (10-year bands): 65+",0.064650278104109,0.042804903857683,0.04818156145842,0.844363256579788,0.3867,0.4537,0.4577,0.4905,0.4772,65
"Pakistan","Female","Age (10-year bands): 05-15",0,0.44071081978212,0,0.55928918021788,0,0,0,0,0,5
"Pakistan","Female","Age (10-year bands): 15-24",0.0847641287664515,0.225184943274991,0.130761747740678,0.55928918021788,0.2211,0.1225,0.0762,0.2737,0.1703,15
"Pakistan","Female","Age (10-year bands): 25-34",0.141793135155615,0.144870381328214,0.0959769894752675,0.617359494040904,0.2684,0.161,0.1082,0.278,0.2218,25
"Pakistan","Female","Age (10-year bands): 35-44",0.0605304042975506,0.130687750556221,0.0691065101781897,0.739675334968039,0.2834,0.1963,0.1355,0.3271,0.2741,35
"Pakistan","Female","Age (10-year bands): 45-54",0.0397435441888817,0.0803058412210027,0.0429224672085983,0.837028147381517,0.3106,0.1396,0.1114,0.2855,0.2492,45
"Pakistan","Female","Age (10-year bands): 55-64",0.0141528206953455,0.0602870039313391,0.0194053917048206,0.906154783668495,0.1278,0.0828,0.0674,0.2149,0.1883,55
"Pakistan","Female","Age (10-year bands): 65+",0,0.0321958278065839,0,0.967804172193416,0.0763,0.0383,0.0763,0.0815,0.0763,65
"Pakistan","Male","Age (10-year bands): 05-15",0,0.64852763795708,0,0.35147236204292,0,0,0,0,0,5
"Pakistan","Male","Age (10-year bands): 15-24",0.0400827622895875,0.370941393167901,0.237503482499591,0.35147236204292,0.4689,0.5203,0.3975,0.8822,0.5629,15
"Pakistan","Male","Age (10-year bands): 25-34",0.128102471871978,0.313786383146473,0.251509849584271,0.306601295397278,0.8727,0.9676,0.9209,0.9569,0.9399,25
"Pakistan","Male","Age (10-year bands): 35-44",0.10295704052115,0.297259511268595,0.256486616407358,0.343296831802896,0.973,0.9746,0.9633,0.9629,0.9675,35
"Pakistan","Male","Age (10-year bands): 45-54",0.105456198652385,0.247634441793875,0.196707294864625,0.450202064689115,0.9642,0.943,0.9433,0.9368,0.9425,45
"Pakistan","Male","Age (10-year bands): 55-64",0.0616052550105719,0.242799200324478,0.168836414516079,0.526759130148871,0.6557,0.7861,0.7091,0.8121,0.7749,55
"Pakistan","Male","Age (10-year bands): 65+",0.0299771010476223,0.19950672293035,0.105795589921392,0.664720586100636,0.1986,0.4095,0.3325,0.4229,0.396,65
"Philippines","Female","Age (10-year bands): 05-15",0,0.924107226742042,0,0.075892773257958,0,0,0,0,0,5
"Philippines","Female","Age (10-year bands): 15-24",0.147350985347561,0.426192231183293,0.350564010211188,0.075892773257958,0.605422222222222,0.335111111111111,0.406911111111111,0.4440875,0.359211111111111,15
"Philippines","Female","Age (10-year bands): 25-34",0.233934601295079,0.364468150867933,0.294390376698615,0.107206871138373,0.814033333333333,0.582977777777778,0.642322222222222,0.5293125,0.617233333333333,25
"Philippines","Female","Age (10-year bands): 35-44",0.163113675369122,0.416072591505741,0.239992592591013,0.180821140534123,0.877333333333333,0.618044444444444,0.707255555555556,0.561725,0.657544444444444,35
"Philippines","Female","Age (10-year bands): 45-54",0.133907575448585,0.414678198106004,0.233272387480818,0.218141838964593,0.861066666666667,0.593911111111111,0.661822222222222,0.5460875,0.614122222222222,45
"Philippines","Female","Age (10-year bands): 55-64",0.110533409186281,0.416565313959039,0.198748229718535,0.274153047136144,0.539683333333333,0.480555555555556,0.500022222222222,0.4353,0.460966666666667,55
"Philippines","Female","Age (10-year bands): 65+",0.102560975845263,0.493205188194043,0.0609504457136341,0.34328339024706,0.30995,0.270166666666667,0.296666666666667,0.1780375,0.203533333333333,65
"Philippines","Male","Age (10-year bands): 05-15",0,0.911016250741692,0,0.0889837492583083,0,0,0,0,0,5
"Philippines","Male","Age (10-year bands): 15-24",0.0888790151406411,0.5000162430133,0.322120992587751,0.0889837492583083,0.621314285714286,0.417988888888889,0.478811111111111,0.518875,0.408911111111111,15
"Philippines","Male","Age (10-year bands): 25-34",0.182042295068062,0.404751812370655,0.327829814846472,0.0853760777148104,0.845855555555556,0.716011111111111,0.757477777777778,0.5736,0.7266,25
"Philippines","Male","Age (10-year bands): 35-44",0.16116987054865,0.432376204760684,0.298530642512685,0.107923282177981,0.907844444444444,0.735377777777778,0.822211111111111,0.633522222222222,0.771222222222222,35
"Philippines","Male","Age (10-year bands): 45-54",0.155748145252775,0.444123053648246,0.276226813947191,0.123901987151788,0.878577777777778,0.734788888888889,0.7935,0.6752375,0.744611111111111,45
"Philippines","Male","Age (10-year bands): 55-64",0.136318088489892,0.430563635253979,0.253703017154229,0.179415259101899,0.6818875,0.608544444444444,0.657366666666667,0.5571375,0.608011111111111,55
"Philippines","Male","Age (10-year bands): 65+",0.137695228819603,0.484216433566197,0.164708236660262,0.213380100953937,0.431257142857143,0.346477777777778,0.3243,0.270142857142857,0.300288888888889,65
"Russian Federation","Female","Age (10-year bands): 05-15",0,1,0,0,0,0,0,0,0,5
"Russian Federation","Female","Age (10-year bands): 15-24",0.525107867033899,0.0680914012399454,0.406800731726156,0,0.264,0.041,0.7042,0.2494,0.2494,15
"Russian Federation","Female","Age (10-year bands): 25-34",0.603452526939167,0.0250541718849268,0.371493301175906,0,0.7911,0.4591,0.8116,0.7856,0.7856,25
"Russian Federation","Female","Age (10-year bands): 35-44",0.546042994448053,0.0313810612783569,0.42257594427359,0,0.871,0.5959,0.89,0.867,0.867,35
"Russian Federation","Female","Age (10-year bands): 45-54",0.484092968933281,0.025273854189346,0.490633176877373,0,0.8774,0.5963,0.8656,0.8619,0.8619,45
"Russian Federation","Female","Age (10-year bands): 55-64",0.467993889194527,0.0285194168711871,0.503486693934286,0,0.4507,0.2209,0.402,0.4136,0.4136,55
"Russian Federation","Female","Age (10-year bands): 65+",0.477895919131411,0.0974441532509672,0.424659927617621,0,0.0705,0.0209,0.06,0.0543,0.0543,65
"Russian Federation","Male","Age (10-year bands): 05-15",0,1,0,0,0,0,0,0,0,5
"Russian Federation","Male","Age (10-year bands): 15-24",0.449165903022062,0.0981224575182422,0.452711639459696,0,0.3141,0.0736,0.8033,0.3109,0.3109,15
"Russian Federation","Male","Age (10-year bands): 25-34",0.523888239970664,0.049307142783265,0.426804617246071,0,0.9188,0.6976,0.932,0.9111,0.9111,25
"Russian Federation","Male","Age (10-year bands): 35-44",0.495360766157632,0.0552370242903007,0.449402209552067,0,0.9274,0.7067,0.932,0.9146,0.9146,35
"Russian Federation","Male","Age (10-year bands): 45-54",0.466302583860031,0.041784624749557,0.491912791390412,0,0.8965,0.6789,0.8946,0.8843,0.8843,45
"Russian Federation","Male","Age (10-year bands): 55-64",0.455430173436856,0.0414081495112768,0.503161677051867,0,0.6232,0.3942,0.6137,0.6043,0.6043,55
"Russian Federation","Male","Age (10-year bands): 65+",0.532482474037031,0.0655049164736382,0.402012609489331,0,0.1155,0.0343,0.0866,0.0896,0.0896,65
"South Africa","Female","Age (10-year bands): 05-15",0,0.983924887606743,0,0.0160751123932572,0,0,0,0,0,5
"South Africa","Female","Age (10-year bands): 15-24",0.0995142638755332,0.409645683852356,0.474764939878854,0.0160751123932572,0.3863,0.0451,0.1609,0.0387,0.0888,15
"South Africa","Female","Age (10-year bands): 25-34",0.207934000965331,0.39353301107225,0.382627482078326,0.015905505884093,0.6666,0.3158,0.441,0.2781,0.4137,25
"South Africa","Female","Age (10-year bands): 35-44",0.212286253649328,0.412508323028631,0.335958410466163,0.0392470128558781,0.7794,0.4507,0.5826,0.3733,0.5468,35
"South Africa","Female","Age (10-year bands): 45-54",0.231385732576121,0.422951285543474,0.247764463907184,0.0978985179732214,0.8473,0.4866,0.6103,0.375,0.5547,45
"South Africa","Female","Age (10-year bands): 55-64",0.22558149091261,0.387862093831232,0.194616362472279,0.191940052783879,0.6168,0.2962,0.4146,0.2281,0.3398,55
"South Africa","Female","Age (10-year bands): 65+",0.209993697454009,0.270581380138656,0.159811161452202,0.359613760955133,0.1134,0.0303,0.0466,0.0334,0.0415,65
"South Africa","Male","Age (10-year bands): 05-15",0,0.959566718055307,0,0.040433281944693,0,0,0,0,0,5
"South Africa","Male","Age (10-year bands): 15-24",0.0577236094096271,0.495632252336577,0.406210856309103,0.040433281944693,0.4377,0.0888,0.2317,0.1183,0.1317,15
"South Africa","Male","Age (10-year bands): 25-34",0.132101283276714,0.451397683503914,0.374880454230273,0.0416205789890985,0.7297,0.477,0.5818,0.4,0.5399,25
"South Africa","Male","Age (10-year bands): 35-44",0.144852144124764,0.463371617370779,0.334379081038608,0.0573971574658497,0.872,0.6302,0.7287,0.5222,0.6899,35
"South Africa","Male","Age (10-year bands): 45-54",0.191795501000581,0.414106276828394,0.295245162517447,0.0988530596535783,0.9058,0.6265,0.7586,0.5323,0.7013,45
"South Africa","Male","Age (10-year bands): 55-64",0.181461480421724,0.418141558246743,0.215147220487056,0.185249740844478,0.6532,0.4384,0.5815,0.356,0.4765,55
"South Africa","Male","Age (10-year bands): 65+",0.222684684684685,0.315414414414414,0.235585585585586,0.226315315315315,0.2397,0.0956,0.1648,0.0538,0.1058,65
"Sudan","Female","Age (10-year bands): 05-15",0,0.489818115391899,0,0.510181884608101,0,0,0,0,0,5
"Sudan","Female","Age (10-year bands): 15-24",0.141299520527169,0.231382091748408,0.117136503116322,0.510181884608101,0.0409,0.0668,0.0265,0.2473,0.114,15
"Sudan","Female","Age (10-year bands): 25-34",0.298761520520397,0.172775795797756,0.141945615360861,0.386517068320985,0.355,0.1463,0.1245,0.2521,0.2224,25
"Sudan","Female","Age (10-year bands): 35-44",0.139626563191048,0.162408064982882,0.123941416395328,0.574023955430741,0.6018,0.1849,0.2602,0.2909,0.2858,35
"Sudan","Female","Age (10-year bands): 45-54",0.0826614703593617,0.0680516398984552,0.0635548354998788,0.785732054242304,0.5274,0.1011,0.2608,0.2845,0.2673,45
"Sudan","Female","Age (10-year bands): 55-64",0,0.0513458616305393,0.040189785096288,0.908464353273173,0.2281,0.1101,0.2893,0.2392,0.2281,55
"Sudan","Female","Age (10-year bands): 65+",0,0,0,1,0.1074,0.1074,0.1074,0.109,0.1074,65
"Sudan","Male","Age (10-year bands): 05-15",0,0.606212511743309,0,0.393787488256691,0,0,0,0,0,5
"Sudan","Male","Age (10-year bands): 15-24",0.0691100779675443,0.384213780422197,0.152888653353568,0.393787488256691,0.1296,0.2768,0.1494,0.5178,0.2893,15
"Sudan","Male","Age (10-year bands): 25-34",0.154222430190484,0.295118351768825,0.205681763413597,0.344977454627094,0.4841,0.7939,0.667,0.8438,0.7287,25
"Sudan","Male","Age (10-year bands): 35-44",0.107129311234379,0.284830813595152,0.159833253850723,0.448206621319746,0.8684,0.894,0.8923,0.9063,0.8971,35
"Sudan","Male","Age (10-year bands): 45-54",0.0973367888904156,0.224393895603641,0.150557421788014,0.52771189371793,0.9481,0.8745,0.92,0.8952,0.8997,45
"Sudan","Male","Age (10-year bands): 55-64",0.0748691653360046,0.185942257530225,0.0920867756983083,0.647101801435462,0.7505,0.7842,0.7583,0.8172,0.7994,55
"Sudan","Male","Age (10-year bands): 65+",0.0280147891731899,0.125900565870866,0.0260635103253061,0.820021134630638,0.4135,0.5043,0.4523,0.509,0.5045,65
"Thailand","Female","Age (10-year bands): 05-15",0,0.961409458206385,0,0.0385905417936151,0,0,0,0,0,5
"Thailand","Female","Age (10-year bands): 15-24",0.181628692542059,0.380159623791231,0.399621141873096,0.0385905417936151,0.6912,0.2191,0.3623,0.5612,0.3159,15
"Thailand","Female","Age (10-year bands): 25-34",0.370542925069372,0.283492422199291,0.305981975255144,0.0399826774761929,0.8915,0.7286,0.7764,0.7068,0.7986,25
"Thailand","Female","Age (10-year bands): 35-44",0.281876408216957,0.42464427049013,0.24695372796213,0.0465255933307823,0.8936,0.7995,0.8064,0.7005,0.8202,35
"Thailand","Female","Age (10-year bands): 45-54",0.141040863229431,0.506519141765937,0.147580042386071,0.204859952618561,0.8518,0.7689,0.7525,0.7193,0.7661,45
"Thailand","Female","Age (10-year bands): 55-64",0.0903708967362642,0.176458244277776,0.0735087242062721,0.659662134779688,0.559,0.5753,0.5355,0.5712,0.5679,55
"Thailand","Female","Age (10-year bands): 65+",0.0147397766420982,0.0854279275528127,0.0243164676807496,0.875515828124339,0.0706,0.2078,0.1329,0.176,0.1731,65
"Thailand","Male","Age (10-year bands): 05-15",0,0.960658766377486,0,0.0393412336225142,0,0,0,0,0,5
"Thailand","Male","Age (10-year bands): 15-24",0.0527244603461038,0.592093049123075,0.315841256908307,0.0393412336225142,0.6824,0.4236,0.4763,0.6501,0.457,15
"Thailand","Male","Age (10-year bands): 25-34",0.184723912125295,0.427067039202063,0.336724534798141,0.0514845138745017,0.9291,0.925,0.9279,0.865,0.925,25
"Thailand","Male","Age (10-year bands): 35-44",0.175968523561785,0.482046214902421,0.295133411395182,0.0468518501406125,0.9589,0.939,0.9575,0.8634,0.9443,35
"Thailand","Male","Age (10-year bands): 45-54",0.116685391693902,0.532407182263721,0.196663910907941,0.154243515134436,0.9468,0.9401,0.9416,0.8965,0.9341,45
"Thailand","Male","Age (10-year bands): 55-64",0.0802128070481989,0.234642302068293,0.121220007908991,0.563924882974516,0.6099,0.8139,0.7327,0.8129,0.7812,55
"Thailand","Male","Age (10-year bands): 65+",0.0242350599414935,0.113142820699158,0.0489291426595796,0.813692976699769,0.1299,0.3567,0.2409,0.3571,0.3342,65
"Turkey","Female","Age (10-year bands): 05-15",0,0.961434119106227,0,0.0385658808937728,0,0,0,0,0,5
"Turkey","Female","Age (10-year bands): 15-24",0.324552472525031,0.29309130055591,0.343790346025286,0.0385658808937728,0.462,0.1681,0.2311,0.1918,0.2261,15
"Turkey","Female","Age (10-year bands): 25-34",0.577315704028692,0.191593056925398,0.174732376428157,0.0563588626177538,0.6173,0.2728,0.3347,0.1994,0.3923,25
"Turkey","Female","Age (10-year bands): 35-44",0.34069591375708,0.431374212538699,0.169088306388412,0.0588415673158085,0.6961,0.3618,0.4005,0.2312,0.4129,35
"Turkey","Female","Age (10-year bands): 45-54",0.198814399715862,0.558478056810718,0.12237108781504,0.12033645565838,0.6468,0.3251,0.293,0.2645,0.338,45
"Turkey","Female","Age (10-year bands): 55-64",0.102502093356609,0.534379302025234,0.0763032031904174,0.28681540142774,0.2546,0.1846,0.1225,0.1979,0.188,55
"Turkey","Female","Age (10-year bands): 65+",0.0452952196772829,0.325199935537157,0.0213130275377208,0.60819181724784,0.0678,0.0491,0.0229,0.0593,0.0551,65
"Turkey","Male","Age (10-year bands): 05-15",0,0.964913207923329,0,0.035086792076671,0,0,0,0,0,5
"Turkey","Male","Age (10-year bands): 15-24",0.126342824437925,0.506300884328187,0.332269499157217,0.035086792076671,0.5807,0.4138,0.4158,0.5135,0.4333,15
"Turkey","Male","Age (10-year bands): 25-34",0.365285179947787,0.337974902913372,0.260768876477333,0.0359710406615086,0.8289,0.7938,0.8214,0.61,0.8032,25
"Turkey","Male","Age (10-year bands): 35-44",0.261178475733675,0.453344966632867,0.262769247399075,0.0227073102343832,0.9244,0.8293,0.8863,0.57,0.8575,35
"Turkey","Male","Age (10-year bands): 45-54",0.173437499251429,0.620480369240616,0.176354410051976,0.0297277214559785,0.8465,0.751,0.7889,0.504,0.7615,45
"Turkey","Male","Age (10-year bands): 55-64",0.14710586126961,0.649859175490746,0.145929932570356,0.0571050306692877,0.5307,0.496,0.4495,0.4139,0.4877,55
"Turkey","Male","Age (10-year bands): 65+",0.125956436773808,0.682804933012447,0.0682195876163081,0.123019042597436,0.1877,0.2243,0.1502,0.1323,0.1937,65
"Uganda","Female","Age (10-year bands): 05-15",0,0.732586554564408,0,0.267413445435592,0,0,0,0,0,5
"Uganda","Female","Age (10-year bands): 15-24",0.0185712088588127,0.327642776581565,0.38637256912403,0.267413445435592,0.0958,0.1128,0.1185,0.2797,0.2768,15
"Uganda","Female","Age (10-year bands): 25-34",0.0484915372610559,0,0.0105191457074125,0.940989317031532,0.6041,0.4707,0.4707,0.3272,0.4707,25
"Uganda","Female","Age (10-year bands): 35-44",0.0245340968882689,0,0,0.975465903111731,0.9186,0.4815,0.4815,0.3946,0.4815,35
"Uganda","Female","Age (10-year bands): 45-54",0,0,0,1,0.4102,0.4102,0.4102,0.3334,0.4102,45
"Uganda","Female","Age (10-year bands): 55-64",0,0,0,1,0.3945,0.3945,0.3945,0.4057,0.3945,55
"Uganda","Female","Age (10-year bands): 65+",0,0,0,1,0.1437,0.1437,0.1437,0.1497,0.1437,65
"Uganda","Male","Age (10-year bands): 05-15",0,0.871111645523958,0,0.128888354476042,0,0,0,0,0,5
"Uganda","Male","Age (10-year bands): 15-24",0.00574159802801659,0.430998617206758,0.434371430289184,0.128888354476042,0.1234,0.1734,0.1462,0.3253,0.3664,15
"Uganda","Male","Age (10-year bands): 25-34",0.143104328586827,0,0.197459862710614,0.659435808702559,0.8187,0.6669,0.3323,0.5909,0.6669,25
"Uganda","Male","Age (10-year bands): 35-44",0.135040421495293,0,0.048940823897623,0.816018754607084,0.9562,0.6635,1,0.489,0.6635,35
"Uganda","Male","Age (10-year bands): 45-54",0.0779278953832816,0,0,0.922072104616718,1,0.6277,0.6277,0.5341,0.6277,45
"Uganda","Male","Age (10-year bands): 55-64",0,0,0,1,0.5091,0.5091,0.5091,0.3405,0.5091,55
"Uganda","Male","Age (10-year bands): 65+",0,0,0,1,0.2694,0.2694,0.2694,0.2449,0.2694,65
"United Kingdom","Female","Age (10-year bands): 05-15",0,1,0,0,0,0,0,0,0,5
"United Kingdom","Female","Age (10-year bands): 15-24",0.283042335043667,0.114892585052975,0.602065079903357,0,0.7897,0.332,0.5591,0.5055,0.5055,15
"United Kingdom","Female","Age (10-year bands): 25-34",0.582696185260598,0.086984064232014,0.328735368903503,0.00158438160388423,0.8817,0.5321,0.7459,0.5076,0.7907,25
"United Kingdom","Female","Age (10-year bands): 35-44",0.590270145749655,0.0918887804447807,0.315464909949483,0.00237616385608164,0.8692,0.5705,0.7574,0.331,0.7925,35
"United Kingdom","Female","Age (10-year bands): 45-54",0.472111748385659,0.163342336570222,0.362778718147401,0.00176719689671814,0.8764,0.6284,0.8203,0.3665,0.8037,45
"United Kingdom","Female","Age (10-year bands): 55-64",0.395164832985816,0.232379580325288,0.369914795996968,0.00254079069192789,0.6657,0.5246,0.6448,0.3392,0.6185,55
"United Kingdom","Female","Age (10-year bands): 65+",0.344454657822168,0.278295917371113,0.377249424806719,0,0.2994,0.2338,0.3111,0.0842,0.0842,65
"United Kingdom","Male","Age (10-year bands): 05-15",0,0.997603314273976,0,0.00239668572602458,0,0,0,0,0,5
"United Kingdom","Male","Age (10-year bands): 15-24",0.225552648892944,0.169772796043895,0.602277869337136,0.00239668572602458,0.744,0.3735,0.5808,0.4275,0.501,15
"United Kingdom","Male","Age (10-year bands): 25-34",0.470228010408775,0.131196013098124,0.394528545117942,0.00404743137515935,0.9298,0.7743,0.9194,0.7495,0.9014,25
"United Kingdom","Male","Age (10-year bands): 35-44",0.493526536402915,0.138578448442639,0.364106790481718,0.00378822467272845,0.9627,0.8004,0.9209,0.6765,0.9202,35
"United Kingdom","Male","Age (10-year bands): 45-54",0.414866535111782,0.207138206362874,0.374487767020382,0.00350749150496205,0.9333,0.7965,0.8898,0.6459,0.8847,45
"United Kingdom","Male","Age (10-year bands): 55-64",0.371009519410028,0.210343009475415,0.41553414009096,0.0031133310235978,0.729,0.6345,0.7351,0.5262,0.7088,55
"United Kingdom","Male","Age (10-year bands): 65+",0.348524206421409,0.230362647898738,0.421113145679854,0,0.4258,0.369,0.395,0.1393,0.1393,65
"United Republic of Tanzania","Female","Age (10-year bands): 05-15",0,0.281164637337089,0,0.718835362662911,0,0,0,0,0,5
"United Republic of Tanzania","Female","Age (10-year bands): 15-24",0.00215002405695,0.257571968912099,0.0214426443680397,0.718835362662911,0.5541,0.4962,0.4415,0.7767,0.6716,15
"United Republic of Tanzania","Female","Age (10-year bands): 25-34",0.012916434349315,0.109125191057204,0.0432115550693258,0.834746819524155,0.842,0.7782,0.7954,0.8244,0.8182,25
"United Republic of Tanzania","Female","Age (10-year bands): 35-44",0.00651921568357897,0.0617785365509977,0.0346070470251326,0.897095200740291,0.9195,0.8512,0.9504,0.9,0.8987,35
"United Republic of Tanzania","Female","Age (10-year bands): 45-54",0.00457424817362809,0.0503951856213097,0.0377960389672707,0.907234527237792,0.9311,0.9142,0.9611,0.896,0.8994,45
"United Republic of Tanzania","Female","Age (10-year bands): 55-64",0.00282351629329524,0.0344795543968268,0.0446864264133511,0.918010502896527,0.7813,0.8024,0.9507,0.8214,0.8257,55
"United Republic of Tanzania","Female","Age (10-year bands): 65+",0.00129838360649568,0.0562632896148129,0.0119376023182733,0.930500724460418,0.1909,0.6985,0.9062,0.539,0.5474,65
"United Republic of Tanzania","Male","Age (10-year bands): 05-15",0,0.29287082224323,0,0.70712917775677,0,0,0,0,0,5
"United Republic of Tanzania","Male","Age (10-year bands): 15-24",0.0020549976104679,0.270743057275515,0.0200727673572473,0.70712917775677,0.4834,0.5216,0.4523,0.8534,0.7208,15
"United Republic of Tanzania","Male","Age (10-year bands): 25-34",0.0205429757304674,0.153397985238452,0.053002266875329,0.773056772155752,0.9125,0.9197,0.728,0.9667,0.9423,25
"United Republic of Tanzania","Male","Age (10-year bands): 35-44",0.022686275377101,0.110833066553619,0.0558376145820697,0.81064304348721,0.9966,0.9815,0.9845,0.9725,0.9747,35
"United Republic of Tanzania","Male","Age (10-year bands): 45-54",0.0188056474309898,0.0931376733748065,0.0598726575748118,0.828184021619392,0.9857,0.9495,0.9876,0.9693,0.9689,45
"United Republic of Tanzania","Male","Age (10-year bands): 55-64",0.0190643883029967,0.0955761333590233,0.0806345278415514,0.804724950496429,0.93,0.8856,0.9175,0.9694,0.9557,55
"United Republic of Tanzania","Male","Age (10-year bands): 65+",0.0206638301707047,0.111490705218981,0.0145971188753572,0.853248345734957,0.9405,0.6198,0.6121,0.7255,0.7134,65
"United States of America","Female","Age (10-year bands): 05-15",0,0.999451337215759,0,0.0005486627842406,0,0,0,0,0,5
"United States of America","Female","Age (10-year bands): 15-24",0.261228833462771,0.0197628355021573,0.718459668250831,0.0005486627842406,0.7511,0.1675,0.4818,0.3326,0.511,15
"United States of America","Female","Age (10-year bands): 25-34",0.624270449062088,0.0111273745061781,0.364152516012718,0.000449660419016676,0.8237,0.3815,0.6533,0.2826,0.7381,25
"United States of America","Female","Age (10-year bands): 35-44",0.625789321345522,0.027114025809719,0.345893127035199,0.00120352580956015,0.8078,0.4818,0.6651,0.3999,0.7353,35
"United States of America","Female","Age (10-year bands): 45-54",0.591966699387686,0.0281554189012642,0.377811059160913,0.0020668225501367,0.8114,0.5129,0.6747,0.3273,0.7367,45
"United States of America","Female","Age (10-year bands): 55-64",0.531258247210106,0.0256337902340955,0.441863734586789,0.00124422796900919,0.6682,0.3357,0.527,0.1552,0.5801,55
"United States of America","Female","Age (10-year bands): 65+",0.514044148503188,0.0265816256882404,0.457048070230433,0.00232615557813877,0.22,0.0681,0.1316,0.0553,0.1594,65
"United States of America","Male","Age (10-year bands): 05-15",0,0.998556584851732,0,0.00144341514826828,0,0,0,0,0,5
"United States of America","Male","Age (10-year bands): 15-24",0.188707359062169,0.027636942941698,0.782212282847864,0.00144341514826828,0.7523,0.2326,0.4973,0.4064,0.5128,15
"United States of America","Male","Age (10-year bands): 25-34",0.48997965616416,0.0238758144351838,0.484251006683612,0.00189352271704414,0.9041,0.8306,0.8197,0.6485,0.858,25
"United States of America","Male","Age (10-year bands): 35-44",0.511394393610875,0.0455031482078458,0.440787133622057,0.00231532455922186,0.9367,0.8514,0.8385,0.6431,0.8848,35
"United States of America","Male","Age (10-year bands): 45-54",0.497422682698367,0.0483769195504358,0.451936859584414,0.00226353816678362,0.9084,0.7891,0.8046,0.5513,0.8503,45
"United States of America","Male","Age (10-year bands): 55-64",0.476685427890308,0.0406908159332285,0.47966439125498,0.00295936492148322,0.7775,0.599,0.6453,0.552,0.6979,55
"United States of America","Male","Age (10-year bands): 65+",0.542887192789067,0.0364801649287376,0.418090535769805,0.00254210651238992,0.3008,0.1354,0.201,0.1713,0.2401,65
"Viet Nam","Female","Age (10-year bands): 05-15",0,0.968225402046987,0,0.0317745979530132,0,0,0,0,0,5
"Viet Nam","Female","Age (10-year bands): 15-24",0.174586357604007,0.438150008061192,0.355489036381788,0.0317745979530132,0.7825,0.3747,0.5357,0.5644,0.4549,15
"Viet Nam","Female","Age (10-year bands): 25-34",0.308656541078424,0.357214836897395,0.288815640923209,0.0453129811009722,0.9132,0.8093,0.8407,0.6971,0.8273,25
"Viet Nam","Female","Age (10-year bands): 35-44",0.192667373403589,0.512086346457386,0.182173294384455,0.11307298575457,0.9662,0.8658,0.8705,0.7681,0.8647,35
"Viet Nam","Female","Age (10-year bands): 45-54",0.085406838042813,0.601145126594085,0.151972131129707,0.161475904233395,0.9324,0.789,0.762,0.716,0.7773,45
"Viet Nam","Female","Age (10-year bands): 55-64",0.0250073962553331,0.620774279850566,0.118312534809024,0.235905789085077,0.1999,0.5329,0.3374,0.4893,0.4747,55
"Viet Nam","Female","Age (10-year bands): 65+",0.0151310867210871,0.518056215528487,0.0816666602279064,0.38514603752252,0.0729,0.1789,0.1048,0.1213,0.1411,65
"Viet Nam","Male","Age (10-year bands): 05-15",0,0.950408205210926,0,0.0495917947890745,0,0,0,0,0,5
"Viet Nam","Male","Age (10-year bands): 15-24",0.0920364210627645,0.547360520129928,0.311011264018233,0.0495917947890745,0.8026,0.4934,0.5833,0.659,0.5274,15
"Viet Nam","Male","Age (10-year bands): 25-34",0.220643223268972,0.390459280561426,0.340357866634839,0.0485396295347632,0.9632,0.9304,0.9409,0.8227,0.9137,25
"Viet Nam","Male","Age (10-year bands): 35-44",0.181078623673209,0.421717550166167,0.291649034383949,0.105554791776675,0.9856,0.9475,0.965,0.8741,0.9425,35
"Viet Nam","Male","Age (10-year bands): 45-54",0.095540578748763,0.535177107234903,0.238860282523353,0.13042203149298,0.9598,0.9079,0.9237,0.8434,0.9053,45
"Viet Nam","Male","Age (10-year bands): 55-64",0.068712697155473,0.585949807599958,0.207450590297051,0.137886904947519,0.5021,0.7347,0.6287,0.7167,0.6881,55
"Viet Nam","Male","Age (10-year bands): 65+",0.0343860352682997,0.582848199267008,0.151046575098308,0.231719190366385,0.1102,0.2818,0.2077,0.2451,0.2446,65
"Yemen","Female","Age (10-year bands): 05-15",0,0.404493608229673,0,0.595506391770327,0,0,0,0,0,5
"Yemen","Female","Age (10-year bands): 15-24",0.0492833469633711,0.158378168983773,0.196832092282529,0.595506391770327,0.1596,0.0174,0.0237,0.0407,0.0322,15
"Yemen","Female","Age (10-year bands): 25-34",0.249710592690836,0.0646662424581605,0.258473309362997,0.427149855488006,0.3996,0.0256,0.0947,0.0354,0.0521,25
"Yemen","Female","Age (10-year bands): 35-44",0.154411764705882,0.0830907883986928,0.222860498366013,0.539636948529412,0.6249,0.0525,0.2477,0.0404,0.0617,35
"Yemen","Female","Age (10-year bands): 45-54",0.0625823010824685,0.0655284008481196,0.0857939962057806,0.786095301863631,0.7006,0.0893,0.4281,0.047,0.0561,45
"Yemen","Female","Age (10-year bands): 55-64",0.0131815458358298,0.0042939884162173,0.0402436588775714,0.942280806870382,0.6138,0.012,0.5526,0.0453,0.0464,55
"Yemen","Female","Age (10-year bands): 65+",0,0,0,1,0.012,0.012,0.012,0.0124,0.012,65
"Yemen","Male","Age (10-year bands): 05-15",0,0.565557775343172,0,0.434442224656828,0,0,0,0,0,5
"Yemen","Male","Age (10-year bands): 15-24",0.0130532104573479,0.320637580288286,0.231866984597538,0.434442224656828,0.4887,0.2639,0.3202,0.4517,0.343,15
"Yemen","Male","Age (10-year bands): 25-34",0.109748155373547,0.252725870913384,0.309161291829907,0.328364681883162,0.705,0.7883,0.7433,0.7695,0.7584,25
"Yemen","Male","Age (10-year bands): 35-44",0.120381567785138,0.230736602711045,0.270762639207263,0.378119190296554,0.9642,0.8482,0.8949,0.8066,0.8572,35
"Yemen","Male","Age (10-year bands): 45-54",0.0730116007414285,0.182531515738596,0.144856758831278,0.599600124688697,0.9243,0.8258,0.8324,0.7308,0.7757,45
"Yemen","Male","Age (10-year bands): 55-64",0.0361623771249335,0.102315372335957,0.0504767972666424,0.811045453272468,0.7333,0.6695,0.6095,0.5802,0.5946,55
"Yemen","Male","Age (10-year bands): 65+",0.0307431011109899,0.0393754771958802,0.00411362326066971,0.92576779843246,0.6375,0.2572,0.1045,0.2843,0.2865,65
